arm_id,arm_label,role,weight_scheme,exposure_rule,period,arr,benchmark_arr,excess_arr_gross,excess_arr_net,annual_volatility,sharpe,ir_gross,ir_net,mdd,calmar,turnover,transaction_cost_total,transaction_cost_daily_mean,n_days,avg_equity_exposure,avg_cash_exposure
T0,Selected baseline,validation_selected,W1,fixed_095,test_all,0.21212448189713703,0.11670215427875519,0.09542232569278447,0.09060922654970188,0.32943082620644826,0.6817892398940664,0.5770662456463714,0.5479850477797258,-0.45117224697076036,0.4701629661872452,0.20223105643204112,3295982.423806314,2.0223105643204125e-05,1006,0.95,0.050000000000000044
T0,Selected baseline,validation_selected,W1,fixed_095,2020,0.5415762437875091,0.19432520866394043,0.3472510384218495,0.3423348229701662,0.5084070860029026,1.1279025916042857,1.3151341347789467,1.2965922726851393,-0.45117224697076036,1.2003757931116887,0.20656367444047308,602188.1641526938,2.065636744404734e-05,253,,
T0,Selected baseline,validation_selected,W1,fixed_095,2021,0.27250952311621224,0.23419521749019623,0.038314297347593146,0.03352941800606958,0.16135515012585624,1.7882261262758907,0.47676579800442004,0.4172406271562678,-0.07564487373793344,3.6024850019619716,0.20104535048418226,1534354.2090008385,2.010453504841826e-05,252,,
T0,Selected baseline,validation_selected,W1,fixed_095,2022,-0.09926802377029799,-0.1776566505432129,0.07838862629797745,0.07360525302456439,0.3462021542975466,-0.30360099722505607,0.5103001597610618,0.4791695200606382,-0.2681549511521991,-0.37018903937356556,0.200982070311475,2416115.299174226,2.0098207031147484e-05,251,,
T0,Selected baseline,validation_selected,W1,fixed_095,2023,0.13048925300535733,0.2152508646249771,-0.08476160482469025,-0.08952864059658859,0.16992867603198306,0.8130769605445081,-0.884754841401908,-0.9345358941162781,-0.16885783586287317,0.7727758225642879,0.2002956206679982,3295982.423806314,2.00295620667998e-05,250,,
T1,Dynamic factor test,dynamic_factor_hypothesis,W2,fixed_095,test_all,0.2241770373145145,0.11670215427875519,0.10747488111016192,0.10267586929667563,0.3029580788927566,0.7834876783280996,0.7825179913366297,0.7476134197694767,-0.44678540602001277,0.5017555056497817,0.20163915182715406,3312218.1687478353,2.0163915182715398e-05,1006,0.95,0.050000000000000044
T1,Dynamic factor test,dynamic_factor_hypothesis,W2,fixed_095,2020,0.41957234982038655,0.19432520866394043,0.22524714445472688,0.22037820815573592,0.4481597631272673,0.9912828255272249,1.1383146964750999,1.1137661864094592,-0.44678540602001277,0.939091438903429,0.20457715541978527,552108.1404602627,2.0457715541978497e-05,253,,
T1,Dynamic factor test,dynamic_factor_hypothesis,W2,fixed_095,2021,0.3611573898826719,0.23419521749019623,0.12696216411405273,0.12213689053389251,0.1596522679794653,2.395217725800779,1.586320001503934,1.5261057281969312,-0.062448009669559934,5.783329073155662,0.20274258740169068,1461703.1718990225,2.0274258740169094e-05,252,,
T1,Dynamic factor test,dynamic_factor_hypothesis,W2,fixed_095,2022,-0.0437722097372754,-0.1776566505432129,0.13388444033100008,0.12912216216108002,0.3348240197611254,-0.13842210495304216,0.9211258580749622,0.888402908377468,-0.24986320792167177,-0.1751846944628891,0.2000957214252129,2367883.3448924893,2.000957214252127e-05,251,,
T1,Dynamic factor test,dynamic_factor_hypothesis,W2,fixed_095,2023,0.15738182970986633,0.2152508646249771,-0.05786902812018131,-0.06260768507166999,0.16832988482814285,0.9899584055963291,-0.6217939116887735,-0.6727349021799917,-0.15561517828255145,1.0113526935277943,0.19910323325582735,3312218.1687478353,1.9910323325582708e-05,250,,
T2,Dynamic exposure test,dynamic_exposure_hypothesis,W1,Soft-2A,test_all,0.09878054725251977,0.11670215427875519,-0.017921608951832795,-0.021704029502168074,0.16051740232512038,0.6515877167467123,-0.1276363866871104,-0.1545765905397395,-0.26823358906647676,0.3682631530089202,0.1589252332073646,2050051.3711766128,1.589252332073647e-05,1006,0.6880759933553909,0.31192400664460906
T2,Dynamic exposure test,dynamic_exposure_hypothesis,W1,Soft-2A,2020,0.16603499119193207,0.19432520866394043,-0.028290214173727613,-0.03145729307261162,0.1881612516791722,0.9343143384241875,-0.13508640252418422,-0.1502157582029221,-0.20620520777313492,0.8051930064472583,0.13307054196991416,353751.505630669,1.3307054196991482e-05,253,,
T2,Dynamic exposure test,dynamic_exposure_hypothesis,W1,Soft-2A,2021,0.2631232096754798,0.23419521749019623,0.028927983906860653,0.024111537943289723,0.15226341450899616,1.8297307100142746,0.38437043084411454,0.3203843873820954,-0.07175774084318173,3.6668268340624777,0.20237167914163476,1056569.6419127309,2.0237167914163557e-05,252,,
T2,Dynamic exposure test,dynamic_exposure_hypothesis,W1,Soft-2A,2022,-0.12426004689209687,-0.1776566505432129,0.053396603176178586,0.05096656877493723,0.14157372574267832,-0.9293353037434329,0.37212165521405993,0.3551759670305601,-0.17143963437151888,-0.7248034991886338,0.1021022857664424,1408127.2233651248,1.0210228576644277e-05,251,,
T2,Dynamic exposure test,dynamic_exposure_hypothesis,W1,Soft-2A,2023,0.08899440278468598,0.2152508646249771,-0.12625645504536162,-0.13097709942411437,0.15589698558986403,0.6044335449966515,-1.3517175196227542,-1.4022897812980086,-0.16177546824204317,0.5501106178319661,0.19834640246860602,2050051.3711766128,1.9834640246860445e-05,250,,
T3,Combined test,combined_hypothesis,W2,Soft-2A,test_all,0.10464960989190035,0.11670215427875519,-0.012052546312452209,-0.01582918529284527,0.15628489917374833,0.7089966457611447,-0.08435095694837923,-0.11078416015517435,-0.21914844509307363,0.4775284161722208,0.1586823101005492,2018448.7753909356,1.5868231010054894e-05,1006,0.6880759933553909,0.31192400664460906
T3,Combined test,combined_hypothesis,W2,Soft-2A,2020,0.0817326374820994,0.19432520866394043,-0.11259256788356029,-0.11574567168436994,0.17444007975517245,0.49610410525143506,-0.5284003325431287,-0.5432166737358497,-0.2184241650730427,0.3741922852481427,0.13248335297519545,334969.2013224685,1.324833529751958e-05,253,,
T3,Combined test,combined_hypothesis,W2,Soft-2A,2021,0.3324980206348791,0.23419521749019623,0.09830279486625994,0.09348843403653655,0.1506628216380996,2.336719330643549,1.29989174313161,1.2363253920422606,-0.06181126155545946,5.379246633504624,0.20228406847577413,1015444.2115849224,2.022840684757732e-05,252,,
T3,Combined test,combined_hypothesis,W2,Soft-2A,2022,-0.10978095917194053,-0.1776566505432129,0.06787569089633491,0.0654552521630658,0.1401858687644713,-0.8291753204307454,0.46242909723478615,0.44592416180186134,-0.15531128881728898,-0.7068446859718539,0.10169910643987969,1362604.6594225743,1.0169910643988079e-05,251,,
T3,Combined test,combined_hypothesis,W2,Soft-2A,2023,0.11345867928179267,0.2152508646249771,-0.10179217854825497,-0.10651543655437386,0.15726242672409785,0.763899691375784,-1.0789760943136912,-1.1290743218702974,-0.14859791943152717,0.7635280474709042,0.1984562187444927,2018448.7753909356,1.9845621874449103e-05,250,,
