period,arm_id,phase,topk,status,concat_independent_windows,n_days,arr,benchmark_arr,excess_arr,cumulative_return,sharpe,volatility,mdd,turnover,transaction_cost_daily_mean,transaction_cost_total,average_holding_period,n_buys,n_sells,final_nav
2018-2019,K20,B,20,POST_HOC EXPLORATORY / ROBUSTNESS,False,503,0.11572503546183852,0.09936329929776504,0.011576559396153041,0.23559058075180261,0.6738555806105512,0.18183776170256577,-0.2065955842669197,0.20105784739161417,2.0105784739161444e-05,0.010113209723798207,9.823874755381604,1022,1002,1.2355905807518026
2020-2023,K20,B,20,POST_HOC EXPLORATORY / ROBUSTNESS,False,1006,0.21212448189713703,0.11670215620435255,0.0906092265497019,0.9742751062633972,0.6817892398940665,0.3294308262064482,-0.3924874375521895,0.20223105643204112,2.0223105643204125e-05,0.020344444277063348,9.911242603550296,2028,2008,1.9742751062633972
2024,K20,B,20,POST_HOC EXPLORATORY / ROBUSTNESS,False,252,0.10166056731263262,0.20539856950441995,-0.10856179967079053,0.10419815993964021,0.8233174487780757,0.13074009404722137,-0.08752690541481667,0.20268056634467335,2.0268056634467335e-05,0.005107550271885769,9.653846153846153,520,500,1.1041981599396402
2025,K20,B,20,POST_HOC EXPLORATORY / ROBUSTNESS,False,248,0.19531181824926533,0.17146852852836733,0.019084950593999547,0.2051457613279497,1.1124632120059448,0.18589446060119347,-0.13151668763920832,0.19993021541590023,1.9993021541590143e-05,0.004958269342314355,9.649805447470817,514,494,1.2051457613279497
2024-2025,K20,B,20,POST_HOC EXPLORATORY / ROBUSTNESS,False,500,0.14811158777720246,0.18856926918029784,-0.04524901153945465,0.33071973211737715,0.9779962824112689,0.16035238265976348,-0.1427463456884258,0.2013163922840019,2.0131639228400248e-05,0.010065819614200123,9.82283464566929,1016,996,1.3307197321173772
2020-2025,K20,B,20,POST_HOC EXPLORATORY / ROBUSTNESS,True,1506,0.19087186100738454,0.14056241947657877,0.04550356981359415,1.627206840532832,0.7101082601053684,0.2846039525117514,-0.3924874375521895,0.20192738307611843,2.0192738307611864e-05,0.030410263891263466,9.88173455978975,3044,3024,2.627206840532832
2018-2019,K10,B,10,POST_HOC EXPLORATORY / ROBUSTNESS,False,503,0.13172879337513746,0.09936329929776504,0.02751894716089,0.267606271842338,0.6864719285979449,0.20318026144417306,-0.21874360998742093,0.20363642506228666,2.036364250622872e-05,0.010242912180633047,9.823874755381604,511,501,1.267606271842338
2020-2023,K10,B,10,POST_HOC EXPLORATORY / ROBUSTNESS,False,1006,0.24689126875492884,0.11670215620435255,0.12532861689617525,1.178246856928871,0.7179827861032475,0.36409547641501583,-0.4263179762903324,0.2042225064874374,2.0422250648743736e-05,0.0205447841526362,9.911242603550296,1014,1004,2.178246856928871
2024,K10,B,10,POST_HOC EXPLORATORY / ROBUSTNESS,False,252,0.15479314707432165,0.20539856950441995,-0.0554987372075752,0.16475834884154583,1.0849923317981955,0.1510597093735702,-0.09818257807022013,0.2056014612385249,2.056014612385251e-05,0.005181156823210832,9.653846153846153,260,250,1.1647583488415458
2025,K10,B,10,POST_HOC EXPLORATORY / ROBUSTNESS,False,248,0.2107597127766416,0.17146852852836733,0.03446161434783435,0.21929695742981004,1.0671847743169123,0.20910843961657238,-0.11618823034685366,0.20292310506050035,2.0292310506050103e-05,0.0050324930055004255,9.649805447470817,257,247,1.21929695742981
2024-2025,K10,B,10,POST_HOC EXPLORATORY / ROBUSTNESS,False,500,0.18255256366267233,0.18856926918029784,-0.010878402836092088,0.42018631088346514,1.0620108917469095,0.182004677412047,-0.12662454997112083,0.20427299657422474,2.0427299657422515e-05,0.010213649828711258,9.82283464566929,508,498,1.4201863108834651
2020-2025,K10,B,10,POST_HOC EXPLORATORY / ROBUSTNESS,True,1506,0.22553047689162983,0.14056241947657877,0.08010716280179697,2.0935163679353126,0.7569950462633911,0.3154538153334576,-0.4263179762903324,0.2042392694644584,2.042392694644585e-05,0.030758433981347453,9.88173455978975,1522,1512,3.0935163679353126
2018-2019,K5,B,5,POST_HOC EXPLORATORY / ROBUSTNESS,False,503,0.05725941551582188,0.09936329929776504,-0.0468502475639364,0.07452896647687823,0.273396936387073,0.22175675129980696,-0.28471166426783856,0.19942704966358288,1.9942704966358286e-05,0.010031180598078218,9.843137254901961,255,250,1.0745289664768782
2020-2023,K5,B,5,POST_HOC EXPLORATORY / ROBUSTNESS,False,1006,0.20106498303894185,0.11670215620435255,0.07955305954399884,0.6902770556382294,0.527049942336769,0.403931995587578,-0.4136587343680399,0.20209106262985455,2.020910626298546e-05,0.020330360900563373,9.911242603550296,507,502,1.6902770556382294
2024,K5,B,5,POST_HOC EXPLORATORY / ROBUSTNESS,False,252,0.1396994527606402,0.20539856950441995,-0.07046066704092893,0.14053218841211335,0.813240670713139,0.18188596925336156,-0.1326556030478726,0.20006513853567776,2.000651385356777e-05,0.005041641491099078,9.653846153846153,130,125,1.1405321884121133
2025,K5,B,5,POST_HOC EXPLORATORY / ROBUSTNESS,False,248,0.45084063327755275,0.17146852852836733,0.27464771136093813,0.543739808970765,1.7707084748043145,0.269587386812461,-0.15470951575400826,0.1985039238759426,1.9850392387594254e-05,0.004922897312123375,9.612403100775193,129,124,1.543739808970765
2024-2025,K5,B,5,POST_HOC EXPLORATORY / ROBUSTNESS,False,500,0.2940254782970288,0.18856926918029784,0.1007130886463971,0.7606849426643241,1.3558382971746286,0.2296152095100061,-0.15470951575400838,0.19929077606444912,1.992907760644491e-05,0.009964538803222454,9.82283464566929,254,249,1.760684942664324
2020-2025,K5,B,5,POST_HOC EXPLORATORY / ROBUSTNESS,True,1506,0.2319283612786786,0.14056241947657877,0.08657830160986812,1.976045360793214,0.6906021899687553,0.3555899613797745,-0.4136587343680399,0.2011613526147797,2.0116135261477974e-05,0.03029489970378583,9.88173455978975,761,756,2.976045360793214
2018-2019,P20,C,20,POST_HOC EXPLORATORY / ROBUSTNESS,False,503,0.11572503546183852,0.09936329929776504,0.011576559396153041,0.23559058075180261,0.6738555806105512,0.18183776170256577,-0.2065955842669197,0.20105784739161417,2.0105784739161444e-05,0.010113209723798207,9.823874755381604,1022,1002,1.2355905807518026
2020-2023,P20,C,20,POST_HOC EXPLORATORY / ROBUSTNESS,False,1006,0.21212448189713703,0.11670215620435255,0.0906092265497019,0.9742751062633972,0.6817892398940665,0.3294308262064482,-0.3924874375521895,0.20223105643204112,2.0223105643204125e-05,0.020344444277063348,9.911242603550296,2028,2008,1.9742751062633972
2024,P20,C,20,POST_HOC EXPLORATORY / ROBUSTNESS,False,252,0.10166056731263262,0.20539856950441995,-0.10856179967079053,0.10419815993964021,0.8233174487780757,0.13074009404722137,-0.08752690541481667,0.20268056634467335,2.0268056634467335e-05,0.005107550271885769,9.653846153846153,520,500,1.1041981599396402
2025,P20,C,20,POST_HOC EXPLORATORY / ROBUSTNESS,False,248,0.19531181824926533,0.17146852852836733,0.019084950593999547,0.2051457613279497,1.1124632120059448,0.18589446060119347,-0.13151668763920832,0.19993021541590023,1.9993021541590143e-05,0.004958269342314355,9.649805447470817,514,494,1.2051457613279497
2024-2025,P20,C,20,POST_HOC EXPLORATORY / ROBUSTNESS,False,500,0.14811158777720246,0.18856926918029784,-0.04524901153945465,0.33071973211737715,0.9779962824112689,0.16035238265976348,-0.1427463456884258,0.2013163922840019,2.0131639228400248e-05,0.010065819614200123,9.82283464566929,1016,996,1.3307197321173772
2020-2025,P20,C,20,POST_HOC EXPLORATORY / ROBUSTNESS,True,1506,0.19087186100738454,0.14056241947657877,0.04550356981359415,1.627206840532832,0.7101082601053684,0.2846039525117514,-0.3924874375521895,0.20192738307611843,2.0192738307611864e-05,0.030410263891263466,9.88173455978975,3044,3024,2.627206840532832
2018-2019,P10,C,10,POST_HOC EXPLORATORY / ROBUSTNESS,False,503,0.13877083614953095,0.09936329929776504,0.029931502046935347,0.287855367497049,0.7312077357577783,0.20094676153691807,-0.19928774595525012,0.39815272289204157,3.981527228920414e-05,0.020027081961469684,4.9604743083003955,1012,1002,1.287855367497049
2020-2023,P10,C,10,POST_HOC EXPLORATORY / ROBUSTNESS,False,1006,0.25882439358533155,0.11670215620435255,0.13261543747902774,1.2607192086539776,0.7344270419789346,0.3731471504309627,-0.4234715400698704,0.39944537403156133,3.994453740315628e-05,0.040184204627575215,4.9801783944499505,2018,2008,2.2607192086539776
2024,P10,C,10,POST_HOC EXPLORATORY / ROBUSTNESS,False,252,0.11435022834878857,0.20539856950441995,-0.10048822805422622,0.11538731436102134,0.7843441354536085,0.15436682305182717,-0.12560770825786172,0.39663390330230636,3.966339033023065e-05,0.009995174363218125,4.921568627450981,510,500,1.1153873143610213
2025,P10,C,10,POST_HOC EXPLORATORY / ROBUSTNESS,False,248,0.23661657519686224,0.17146852852836733,0.05569994510251711,0.24501794863529303,1.06034481661491,0.23627709905451807,-0.19364691011599955,0.3969790573940289,3.9697905739402746e-05,0.009845080623371881,4.920634920634921,504,494,1.245017948635293
2024-2025,P10,C,10,POST_HOC EXPLORATORY / ROBUSTNESS,False,500,0.17499433638543313,0.18856926918029784,-0.023018894168481564,0.3886772260595901,0.930678002009625,0.19908939555743113,-0.19386322637121345,0.3968050997318007,3.968050997318001e-05,0.019840254986590006,4.960238568588469,1006,996,1.38867722605959
2020-2025,P10,C,10,POST_HOC EXPLORATORY / ROBUSTNESS,True,1506,0.2309923692825764,0.14056241947657877,0.08094401262925702,2.1394092795732313,0.7507654133044174,0.32577440486299003,-0.4234715400698704,0.3985687889386793,3.985687889386801e-05,0.06002445961416522,4.973544973544974,3024,3014,3.1394092795732313
2018-2019,P5,C,5,POST_HOC EXPLORATORY / ROBUSTNESS,False,503,0.11970748344669688,0.09936329929776504,0.010942339945853776,0.21863586616033848,0.5386492971051002,0.2353091349069392,-0.2637617212501031,0.3950354707175636,3.9503547071756377e-05,0.019870284177093456,4.9604743083003955,506,501,1.2186358661603385
2020-2023,P5,C,5,POST_HOC EXPLORATORY / ROBUSTNESS,False,1006,0.31403956574199526,0.11670215620435255,0.18783727404619,1.6706321116350167,0.800908553229673,0.4151690976866422,-0.4254546104729976,0.39916535678372655,3.9916535678372715e-05,0.04015603489244295,4.9851190476190474,1008,1003,2.6706321116350167
2024,P5,C,5,POST_HOC EXPLORATORY / ROBUSTNESS,False,252,0.12756865445699778,0.20539856950441995,-0.08721045432570697,0.12397809770412072,0.7060802485721515,0.19129935050246022,-0.1360717969795865,0.39414030581028325,3.9414030581028384e-05,0.009932335706419153,4.921568627450981,255,250,1.1239780977041207
2025,P5,C,5,POST_HOC EXPLORATORY / ROBUSTNESS,False,248,0.42498044038289,0.17146852852836733,0.2441288774818379,0.5058455530517554,1.7267210609362493,0.2605975568359567,-0.14583034255286553,0.3942451417094464,3.9424514170944496e-05,0.009777279514394235,4.920634920634921,252,247,1.5058455530517554
2024-2025,P5,C,5,POST_HOC EXPLORATORY / ROBUSTNESS,False,500,0.27508490027624033,0.18856926918029784,0.0771338542508353,0.6925374201553227,1.2757966214569878,0.22830156476330807,-0.17682209237714308,0.39419230441626824,3.9419230441626776e-05,0.019709615220813388,4.960238568588469,503,498,1.6925374201553227
2020-2025,P5,C,5,POST_HOC EXPLORATORY / ROBUSTNESS,True,1506,0.30110640987687076,0.14056241947657877,0.15108315060815725,3.5201447844106957,0.8762450808882277,0.3638463240343163,-0.4254546104729976,0.3975142769804536,3.975142769804538e-05,0.05986565011325634,4.976836532097948,1511,1506,4.520144784410696
