config_id,topk,n_drop,nominal_replacement_ratio,F_BASE_valid_excess_arr_net,F_BASE_valid_ir_net,F_BASE_valid_mean_daily_turnover,F_BASE_valid_realised_replacement,F_BASE_test_2020_2023_excess_arr_net,F_BASE_test_2020_2023_ir_net,F_BASE_test_2020_2023_mean_daily_turnover,F_BASE_test_2020_2023_realised_replacement,nominal_replacement_pct,W1_valid_excess_arr_net,W1_valid_ir_net,W1_valid_mean_daily_turnover,W1_valid_realised_replacement,W1_test_2020_2023_excess_arr_net,W1_test_2020_2023_ir_net,W1_test_2020_2023_mean_daily_turnover,W1_test_2020_2023_realised_replacement,F_BASE_withinK_excessARR_20pct_minus_10pct,W1_withinK_excessARR_20pct_minus_10pct,F_BASE_delta_excess_arr_20pct_minus_10pct_valid,W1_delta_excess_arr_20pct_minus_10pct_valid
K5_D1,5,1,0.2,0.1845320222019114,1.3711108479071206,0.245387964833869,0.1268389662027833,0.1108958017950573,0.4300366960519117,0.2321148865882285,0.1163021868787276,20.0,0.0253160710841192,0.175214375547087,0.3958433986933022,0.1996023856858846,0.1872330788350862,0.727667343178224,0.3993595137421806,0.1996023856858846,,,,
K10_D1,10,1,0.1,0.0704173834284747,0.7108476662333656,0.1525086909341654,0.0775347912524851,0.0504404143893153,0.2357065416567181,0.1684772288954315,0.0814115308151093,10.0,0.0176339833628409,0.1711973319843142,0.2019847805883824,0.0998011928429423,0.1346961967042653,0.6765153684431425,0.2045720299537202,0.0999005964214711,-0.005628970376573297,-0.0019028377184784895,-0.0030914781793579954,0.014207192624691004
K10_D2,10,2,0.2,0.0673259052491167,0.6994595040300602,0.2009567756901286,0.1011928429423459,0.044811444012742,0.2095160849350333,0.2228081993903868,0.1098409542743538,20.0,0.0318411759875319,0.3092464785808205,0.3992525786437795,0.1996023856858846,0.1327933589857868,0.6316318163350492,0.3998793071235124,0.1998011928429423,-0.005628970376573297,-0.0019028377184784895,-0.0030914781793579954,0.014207192624691004
K10_D3,10,3,0.3,0.0713393192027641,0.7440603183214813,0.2140365999094692,0.1069582504970178,0.0426077641252783,0.2003638744068153,0.2386458456375686,0.117196819085487,30.0,0.0565886820904097,0.5530291931858159,0.5922201836661896,0.2992047713717694,0.1038703723289092,0.4844673569740023,0.5934095768984364,0.2995029821073559,-0.005628970376573297,-0.0019028377184784895,-0.0030914781793579954,0.014207192624691004
K20_D1,20,1,0.05,0.059870370585736,0.8060546711725843,0.0998402190310349,0.0490059642147117,0.1214977339517719,0.768611586398527,0.1016274023220089,0.0488568588469184,5.0,0.0350952994102468,0.4977665144599569,0.0999014927509255,0.0499005964214711,0.0469239493262534,0.2948296711331927,0.1044280862834379,0.0499502982107355,-0.0198335802056243,0.0382176075449714,0.002243648744286203,0.0038685894864699984
K20_D2,20,2,0.1,0.0716283305982737,0.9710243391754356,0.168652348886235,0.0850894632206759,0.1007199782580555,0.6177221637170289,0.1735517711923509,0.0861332007952286,10.0,0.0200380873525446,0.2813134631074758,0.2015189966894844,0.0998011928429423,0.0896449026498888,0.5446274608641128,0.2025047095151796,0.0999005964214711,-0.0198335802056243,0.0382176075449714,0.002243648744286203,0.0038685894864699984
K20_D4,20,4,0.2,0.0738719793425599,1.0203161903536009,0.2225132023965478,0.1123260437375745,0.0808863980524312,0.4943325798435973,0.2292069283141412,0.1129224652087475,20.0,0.0239066768390146,0.3072244932091563,0.3983687718230452,0.1996023856858846,0.1278625101948602,0.714625334081538,0.3995665316916466,0.1998011928429423,-0.0198335802056243,0.0382176075449714,0.002243648744286203,0.0038685894864699984
K20_D6,20,6,0.3,0.0709743634028105,0.9755524406335604,0.2276969392750905,0.1150099403578528,0.0880308546216295,0.5296339877002264,0.2365422374268089,0.1166003976143141,30.0,-0.0166301183696452,-0.2154452966117565,0.5926521841005993,0.299403578528827,0.1105347372385016,0.606963358532673,0.5935795543511627,0.2996520874751491,-0.0198335802056243,0.0382176075449714,0.002243648744286203,0.0038685894864699984
K30_D2,30,2,0.0666666666666666,0.0689091990981028,1.1301370972448268,0.1261867128955811,0.0640159045725646,0.0785341271332246,0.5376082471774078,0.1256220870137242,0.0636182902584493,6.6667,0.0028702452440262,0.0485468360284557,0.1345096082067505,0.0665341285619615,0.0619238867633385,0.4518967708765017,0.1351272378621032,0.0666003976143141,-0.0072909069640886,0.020123406915378894,-0.009335380960714505,0.0093195734300438
K30_D3,30,3,0.1,0.0643867584166011,1.0484214504213674,0.1728236268621077,0.0880053015241882,0.0876330571535083,0.6039140540386151,0.1725107435497678,0.0868787276341948,10.0,-0.0028187228331275,-0.0443151072566517,0.2011567658708154,0.0998011928429423,0.0846296791529313,0.5619896505261103,0.2026189240166896,0.0999005964214711,-0.0072909069640886,0.020123406915378894,-0.009335380960714505,0.0093195734300438
K30_D6,30,6,0.2,0.0550513774558866,0.9039716262526668,0.2111683564570067,0.1082836315440689,0.0803421501894197,0.5517344996428803,0.2203612156640229,0.1104373757455268,20.0,0.0065008505969163,0.0966737233555577,0.3984057407104227,0.1996023856858846,0.1047530860683102,0.6359273701773299,0.399130985787646,0.1998011928429423,-0.0072909069640886,0.020123406915378894,-0.009335380960714505,0.0093195734300438
K30_D9,30,9,0.3,0.0555756091078757,0.9116665491512146,0.2133826690990917,0.1094102054340622,0.084896756178846,0.5850985413351356,0.2243407114162143,0.1123591782637508,30.0,-0.0041244452000091,-0.0629598462473356,0.5925905432658758,0.299403578528827,0.1270721584309278,0.7717478628788753,0.5940686430362966,0.2997017892644135,-0.0072909069640886,0.020123406915378894,-0.009335380960714505,0.0093195734300438
K50_D3,50,3,0.06,0.0503003049580112,0.967039078412742,0.1124504884179766,0.0565009940357852,0.0653970975786523,0.5418247252926258,0.1150150769646857,0.0578727634194831,6.0,-0.0073119958010425,-0.1514159411138732,0.1204304753668623,0.0598807157057654,0.0521396846510512,0.4260049054117197,0.122032725363512,0.0599403578528827,0.0033651279119584973,0.027526144385217804,-0.003314507677289101,0.0232207934592637
K50_D5,50,5,0.1,0.0500003199147036,0.9516659582849524,0.1557455044728427,0.0790457256461232,0.0600322929162545,0.4931037027285978,0.1669849791692008,0.0837773359840954,10.0,-0.0141706176592164,-0.2766745961836119,0.20022014963272,0.0998011928429423,0.0762217388527312,0.5646088193694458,0.2022635576890765,0.0999005964214711,0.0033651279119584973,0.027526144385217804,-0.003314507677289101,0.0232207934592637
K50_D10,50,10,0.2,0.0466858122374145,0.8850488534115812,0.1740664332100335,0.0885884691848906,0.063397420828213,0.5181806317419902,0.1986349140664778,0.0996620278330019,20.0,0.0090501758000473,0.1711405419324303,0.3975152034482505,0.1996023856858847,0.103747883237949,0.7239523412255187,0.3995357977868797,0.1998011928429423,0.0033651279119584973,0.027526144385217804,-0.003314507677289101,0.0232207934592637
K50_D15,50,15,0.3,0.0467703666763538,0.8865890584765513,0.1743286040850761,0.0887077534791252,0.0642431035023077,0.5249814592309126,0.2008324654481791,0.1006958250497017,30.0,-0.0130704301477148,-0.2549061938012799,0.5926979983405342,0.299403578528827,0.1021238109648575,0.7184156280333247,0.5937745538577037,0.2996222664015904,0.0033651279119584973,0.027526144385217804,-0.003314507677289101,0.0232207934592637
