config_id,topk,n_drop,nominal_replacement_ratio,valid_excess_arr_net,valid_ir_net,valid_mean_daily_turnover,valid_realised_replacement,test_2020_2023_excess_arr_net,test_2020_2023_ir_net,test_2020_2023_mean_daily_turnover,test_2020_2023_realised_replacement,signal,nominal_replacement_pct
K5_D1,5,1,0.2,0.025316071084119266,0.175214375547087,0.39584339869330226,0.19960238568588468,0.18723307883508628,0.727667343178224,0.39935951374218065,0.19960238568588468,W1,20.0
K10_D1,10,1,0.1,0.017633983362840968,0.17119733198431425,0.20198478058838248,0.09980119284294234,0.1346961967042653,0.6765153684431425,0.20457202995372029,0.09990059642147117,W1,10.0
K10_D2,10,2,0.2,0.03184117598753197,0.3092464785808205,0.3992525786437795,0.19960238568588468,0.13279335898578687,0.6316318163350492,0.3998793071235124,0.19980119284294234,W1,20.0
K10_D3,10,3,0.3,0.05658868209040972,0.5530291931858159,0.5922201836661896,0.2992047713717694,0.10387037232890926,0.48446735697400234,0.5934095768984364,0.2995029821073559,W1,30.0
K20_D1,20,1,0.05,0.035095299410246826,0.4977665144599569,0.09990149275092551,0.04990059642147117,0.04692394932625344,0.29482967113319275,0.10442808628343796,0.049950298210735586,W1,5.0
K20_D2,20,2,0.1,0.020038087352544635,0.28131346310747585,0.2015189966894844,0.09980119284294234,0.08964490264988886,0.5446274608641128,0.20250470951517968,0.09990059642147117,W1,10.0
K20_D4,20,4,0.2,0.023906676839014603,0.30722449320915635,0.39836877182304525,0.19960238568588468,0.12786251019486025,0.714625334081538,0.3995665316916466,0.19980119284294234,W1,20.0
K20_D6,20,6,0.3,-0.016630118369645217,-0.2154452966117565,0.5926521841005993,0.29940357852882704,0.11053473723850164,0.606963358532673,0.5935795543511627,0.2996520874751491,W1,30.0
K30_D2,30,2,0.06666666666666667,0.002870245244026281,0.048546836028455775,0.1345096082067505,0.06653412856196156,0.06192388676333856,0.45189677087650176,0.13512723786210326,0.06660039761431412,W1,6.6667
K30_D3,30,3,0.1,-0.0028187228331275544,-0.04431510725665173,0.20115676587081546,0.09980119284294234,0.08462967915293135,0.5619896505261103,0.20261892401668963,0.09990059642147117,W1,10.0
K30_D6,30,6,0.2,0.006500850596916322,0.09667372335555777,0.3984057407104227,0.19960238568588468,0.10475308606831024,0.6359273701773299,0.39913098578764605,0.19980119284294234,W1,20.0
K30_D9,30,9,0.3,-0.004124445200009149,-0.06295984624733565,0.5925905432658758,0.29940357852882704,0.12707215843092787,0.7717478628788753,0.5940686430362966,0.29970178926441354,W1,30.0
K50_D3,50,3,0.06,-0.007311995801042516,-0.15141594111387321,0.1204304753668623,0.059880715705765405,0.052139684651051274,0.42600490541171976,0.122032725363512,0.0599403578528827,W1,6.0
K50_D5,50,5,0.1,-0.014170617659216409,-0.27667459618361195,0.20022014963272006,0.09980119284294235,0.07622173885273124,0.5646088193694458,0.2022635576890765,0.09990059642147119,W1,10.0
K50_D10,50,10,0.2,0.00905017580004738,0.1711405419324303,0.39751520344825053,0.1996023856858847,0.103747883237949,0.7239523412255187,0.3995357977868797,0.19980119284294237,W1,20.0
K50_D15,50,15,0.3,-0.013070430147714824,-0.25490619380127993,0.5926979983405342,0.29940357852882704,0.10212381096485755,0.7184156280333247,0.5937745538577037,0.29962226640159045,W1,30.0
