loop,factor_names,implemented_count,current_ic,sota_ic_in,current_arr,sota_arr_in,current_mdd,sota_mdd_in,replace,sota_ic_out,sota_arr_out,sota_mdd_out,workspace,factor_sha256
0,price_momentum_10d|return_volatility_20d|volume_momentum_10d,3/3,0.0052216899127655,0.004579,-0.0187007908716114,-0.014377,-0.3753111198914962,-0.268305,no,0.0045787190505179,-0.0143767767379566,-0.2683045360791799,e6a9e50fd78846c8b0de19a7c0320ffa,
1,reversal_1d|atr_10d|volume_ratio_10d,3/3,1.002098552893985e-05,0.004579,0.0395424743714626,-0.014377,-0.3337506904335999,-0.268305,yes,1.002098552893985e-05,0.0395424743714626,-0.3337506904335999,ed833a12b33d4c7f9d914e82f7b47659,fcca23efdaf7112e5070cdd4152d8f117136adf7a44afaae88dbe0ffe3187494|a7029fcc2ba435123a4c4a8aada0f7404ef10b77150056ec564e3f5d0a4422c4|b4ef7c0ce5a464b93f308141e58baf1371b34067bf0e35ae09567080089598d9
2,atr_20d|volume_ratio_20d|atr_20d_x_volume_ratio_20d,3/3,0.0045035290804027,1e-05,0.1663016969585134,0.039542,-0.374012941664434,-0.333751,yes,0.0045035290804027,0.1663016969585134,-0.374012941664434,61a0e3a7267949579b32513f34c3c930,4cb15a667f962c017e641e3ef756bbda3e2e959593f0450eaf7d5a85f7c6a08c|c4b166ad19851acc875e3c90d23ac56503d35e54252f0369de384bc5cfdbf828|4fdf5cf3eaec493d5ea5d33453a9982048885bf48e03543c528ae9ff6737c95b
3,ATR_20d_zscore|volume_ratio_20d_zscore|combo_20d_zscore,3/3,0.0034381783096657,0.004504,0.0506959242510768,0.166302,-0.295672311448892,-0.374013,no,0.0045035290804027,0.1663016969585134,-0.374012941664434,acbbf64030944280af2c87f1b5f297cc,
4,atr_30d_prank|volume_ratio_30d_prank|combo_30d_prank,3/3,0.0016395695512352,0.004504,-0.027798811012324,0.166302,-0.2532780925653085,-0.374013,no,0.0045035290804027,0.1663016969585134,-0.374012941664434,357edacf500f45f6b4e9aab87110ca21,
5,conditional_atr20_volratio20_interaction|tr_volume_corr_20d|momentum10_over_volatility20,3/3,0.0065815767885246,0.004504,0.0649942495507167,0.166302,-0.424278111877883,-0.374013,no,0.0045035290804027,0.1663016969585134,-0.374012941664434,665c3aaeb2484054b17dfe507120b846,
6,ATR_20d_prank|volume_ratio_20d_prank|joint_extreme_20d,3/3,0.0059864457017066,0.004504,-0.0046626223409164,0.166302,-0.3609452498714668,-0.374013,no,0.0045035290804027,0.1663016969585134,-0.374012941664434,8f7d741b54064dffb566b1b6edd4f476,
7,overnight_gap_return|intraday_range|gap_vol_momentum10_interaction,3/3,0.0027263589588183,0.004504,0.0398921259034552,0.166302,-0.2055853802969237,-0.374013,no,0.0045035290804027,0.1663016969585134,-0.374012941664434,7f4dd0d6fa884d0cb8f9c89254e8ec2b,
8,price_bias_20d|rsi_14d|amihud_illiquidity_20d|beta_20d_cross,4/4,0.0082536663997223,0.004504,0.00056322643459,0.166302,-0.2017131632005296,-0.374013,no,0.0045035290804027,0.1663016969585134,-0.374012941664434,abcff5442c8a46889ac94f608751e8cf,
9,return_skewness_10d|downside_deviation_20d|volume_volatility_20d,3/3,0.0046783237766094,0.004504,0.0034149901419987,0.166302,-0.2217706677593494,-0.374013,no,0.0045035290804027,0.1663016969585134,-0.374012941664434,9a6a2e989d4443d4821e024b72cfaeb8,
10,atr_momentum_20d|volume_ratio_momentum_20d|atr_volratio_momentum_cross_20d,3/3,0.0029682873493396,0.004504,0.0439178944115714,0.166302,-0.3247180438984965,-0.374013,no,0.0045035290804027,0.1663016969585134,-0.374012941664434,74f83ecc25464b609436c5dfa79e0d21,
11,donchian_breakout_20d|donchian_breakout_60d|ema_spread_5_20d,3/3,0.0070448561215336,0.004504,0.1431643207372721,0.166302,-0.3536245696736202,-0.374013,no,0.0045035290804027,0.1663016969585134,-0.374012941664434,c979605e4c3e492ca0ec2319971cb76b,
12,price_momentum_60d|return_volatility_120d|sharpe_momentum_60d_120d_vol,3/3,0.0016933942162926,0.004504,0.0014131416513031,0.166302,-0.4257958994046666,-0.374013,no,0.0045035290804027,0.1663016969585134,-0.374012941664434,2b1da18bcc204c6db74b1a37721629a1,
13,ewm_momentum_20d|ewm_momentum_60d|volatility_managed_momentum_ratio,3/3,0.007994750236699599,0.004504,0.076988784657246,0.166302,-0.2581423647079561,-0.374013,no,0.0045035290804027,0.1663016969585134,-0.374012941664434,1c41319efe514d2c85e7f61916730dcf,
14,ewm_realized_volatility_60d|volatility_percentile_rank_60d|regime_adaptive_momentum_ewm20_ewm60,3/3,0.0022967454621413,0.004504,0.06590077005342369,0.166302,-0.3271612704586666,-0.374013,no,0.0045035290804027,0.1663016969585134,-0.374012941664434,7eec5483554c4cf8adeb752a8b2c15b3,
15,lightgbm_predicted_return_60d|logistic_regression_prob_positive_60d|knn_peer_return_20,3/3,0.0043330089531939,0.004504,0.0606917883574668,0.166302,-0.2441978470708602,-0.374013,no,0.0045035290804027,0.1663016969585134,-0.374012941664434,984d522d709f49c78572938d8cf27034,
16,lightgbm_predicted_return_120d|logistic_regression_prob_positive_120d|ridge_predicted_return_120d|ml_models_ensemble_ic_weighted,2/4,0.0047025132918615,0.004504,0.0541304306644857,0.166302,-0.3373246974297723,-0.374013,no,0.0045035290804027,0.1663016969585134,-0.374012941664434,8a3657efaf704d779982384b6dc79779,
17,nn_predicted_return_120d|ml_ensemble_ic_weighted_20d|ensemble_ic_weighted_vol_scaled_60d|ensemble_ic_weighted_gated_5d,3/4,0.002999638829417,0.004504,0.1083525984529247,0.166302,-0.256402846941025,-0.374013,no,0.0045035290804027,0.1663016969585134,-0.374012941664434,59277b72103d4592af75c0a0129728dd,
18,ridge_ewm60_predicted_return|lasso_ewm60_predicted_return|pca_pc1_ewm60_signals,3/3,0.0031918788271241,0.004504,-0.0174115796156854,0.166302,-0.2616964184504386,-0.374013,no,0.0045035290804027,0.1663016969585134,-0.374012941664434,d7f4406f6c8848c8a83d6a67c2f246ab,
19,lstm_predicted_return_20d|cnn_predicted_return_20d|autoencoder_reconstruction_error_20d,0/3,,0.0045035290804027,,0.1663016969585134,,-0.374012941664434,no,0.0045035290804027,0.1663016969585134,-0.374012941664434,6514114765ce4b06aa3b478526481f46,
