family,factor,period,n_days,IC,RankIC,ICIR,RankICIR
RD8,reversal_1d,valid_2018_2019,503,0.0007354074999737845,0.002125524225391841,0.004947858106290394,0.012218265177438816
RD8,atr_10d,valid_2018_2019,503,0.004561910748364436,0.005221074427508071,0.022677100530953218,0.02396994210465404
RD8,volume_ratio_10d,valid_2018_2019,503,0.0012275756096796324,0.004118357875456625,0.01670482088263167,0.05838598075001883
RD8,vol_norm_volume_momentum_20d,valid_2018_2019,503,0.00223830393141116,0.005194204616619238,0.030770185959566057,0.06116761341781316
RD8,vol_norm_price_momentum_10d,valid_2018_2019,503,-0.007450604311296073,-0.007760550184431722,-0.049092980795327326,-0.04406219122061521
RD8,rv_corr_20d,valid_2018_2019,503,-0.0013167435088492067,-0.004975367137044622,-0.015187141521217829,-0.05064627528503879
RD8,dynamic_price_momentum,valid_2018_2019,503,-0.003195750253124004,-0.005879101075868578,-0.021237781516818707,-0.032943849754882605
RD8,dynamic_volume_momentum,valid_2018_2019,503,0.001895073986344278,0.005183058843747181,0.025534097850033518,0.07212653358471781
RD13_v2,rd13_10_day_momentum,valid_2018_2019,503,-0.005804760315199064,-0.007275443566553407,-0.03647934253251356,-0.039090285285874625
RD13_v2,rd13_20_day_realized_volatility,valid_2018_2019,503,0.004311727089071359,0.0008911843891734535,0.024704941471318832,0.004126406904255743
RD13_v2,rd13_5_day_volume_deviation,valid_2018_2019,503,-0.000591326508948222,0.0002621687525938814,-0.008883677419599622,0.003990222317286084
RD13_v2,rd13_10_day_price_range_ratio,valid_2018_2019,503,-0.0013309559611941184,-0.0008379074897549993,-0.014722664386819977,-0.007975786223633947
RD13_v2,rd13_volatility_adjusted_10d_momentum,valid_2018_2019,503,-0.007332931299980338,-0.007430397537324767,-0.047739920929481,-0.04211825404439609
RD13_v2,rd13_5d_short_term_reversal,valid_2018_2019,503,-0.0015145946850875591,0.0011443059204188119,-0.01026591696957093,0.006592847596113963
RD13_v2,rd13_daily_amihud_illiquidity,valid_2018_2019,503,0.006056397342384788,0.007807572323691047,0.0871403635881153,0.08617367506742075
RD13_v2,rd13_rolling_beta_20d,valid_2018_2019,503,0.0025957700707429526,-0.0012315991251657477,0.01122967660997034,-0.004636778716787715
RD13_v2,rd13_idiosyncratic_volatility_10d,valid_2018_2019,503,-0.0010001640348923403,-0.0004947363588593555,-0.008775874246892778,-0.004157890485356552
RD13_v2,rd13_cs_momentum_rank_5d,valid_2018_2019,503,0.0015057999653001648,-0.0011443059204188119,0.009865053509861034,-0.006592847596113963
RD13_v2,rd13_win_rate_5d,valid_2018_2019,503,0.0011821377020089575,0.0001067763272747426,0.01032242617537253,0.000815191390742051
RD13_v2,rd13_upday_volume_ratio_5d,valid_2018_2019,503,0.0027108911738554006,0.0016178040715188918,0.02359623410488045,0.012307346240395254
RD13_v2,rd13_atr_norm_close_14d,valid_2018_2019,503,0.0020248635336819238,0.001379028172811585,0.009592887942263335,0.005907015297406791
RD8,reversal_1d,test_2020_2023,1006,0.0028499034449215145,0.005342247445677998,0.013734112496197428,0.02487879768863147
RD8,atr_10d,test_2020_2023,1006,-0.0032562311690204292,-0.0074656141489668456,-0.011046769228327482,-0.0261429769376063
RD8,volume_ratio_10d,test_2020_2023,1006,-0.0034930132025183048,-0.00084994285845825,-0.04147884305832217,-0.01066562937421333
RD8,vol_norm_volume_momentum_20d,test_2020_2023,1006,-0.0030535230958487185,-0.004973110589224669,-0.03779903258322409,-0.04849228504063562
RD8,vol_norm_price_momentum_10d,test_2020_2023,1006,-0.0022896742631184266,0.0007714989989031525,-0.012000381111614144,0.0036987248435462776
RD8,rv_corr_20d,test_2020_2023,1006,-0.001176337404015107,-0.0017337502601825555,-0.010462328626358205,-0.014716691317937146
RD8,dynamic_price_momentum,test_2020_2023,1006,-0.002992068997818083,-0.00250023722611003,-0.014146906311594664,-0.011561369615307246
RD8,dynamic_volume_momentum,test_2020_2023,1006,-0.003721349668630153,-0.0017302464560418063,-0.04389829752255786,-0.021110098955453183
RD13_v2,rd13_10_day_momentum,test_2020_2023,1006,-0.001855087992599266,-0.000937992000286304,-0.008266943470728658,-0.004097396850416312
RD13_v2,rd13_20_day_realized_volatility,test_2020_2023,1006,-0.0036262825771955754,-0.008243350863574996,-0.01313211321192369,-0.02895838469431202
RD13_v2,rd13_5_day_volume_deviation,test_2020_2023,1006,-0.0023719217004252034,-0.0001329906454557235,-0.03013994560928012,-0.0017354701514584422
RD13_v2,rd13_10_day_price_range_ratio,test_2020_2023,1006,-0.006079116654404137,-0.004645960135189821,-0.05856311087851154,-0.04176512040795459
RD13_v2,rd13_volatility_adjusted_10d_momentum,test_2020_2023,1006,-0.0018582594918331165,0.0008581655656910127,-0.009624233543987663,0.004097348990089144
RD13_v2,rd13_5d_short_term_reversal,test_2020_2023,1006,0.007785466195892473,0.009060980281379102,0.034356446126865295,0.03911114591777837
RD13_v2,rd13_daily_amihud_illiquidity,test_2020_2023,1006,0.0006433146696105861,0.005219310809900085,0.007748643745694785,0.04791644736317139
RD13_v2,rd13_rolling_beta_20d,test_2020_2023,1006,-0.007806822849253041,-0.00896654245916898,-0.024743822349228183,-0.027198090014351337
RD13_v2,rd13_idiosyncratic_volatility_10d,test_2020_2023,1006,-0.002078599039310452,-0.0055218346275002625,-0.011154488349682381,-0.03474235607766341
RD13_v2,rd13_cs_momentum_rank_5d,test_2020_2023,1006,-0.009369665405810731,-0.009060980281379102,-0.04276792212038945,-0.03911114591777837
RD13_v2,rd13_win_rate_5d,test_2020_2023,1006,-0.009276768722307085,-0.007606688607709291,-0.05872994965350692,-0.04505857378430465
RD13_v2,rd13_upday_volume_ratio_5d,test_2020_2023,1006,-0.009678033671813496,-0.00835467739212541,-0.061159120667209556,-0.04992406711574373
RD13_v2,rd13_atr_norm_close_14d,test_2020_2023,1006,-0.0032918189943812294,-0.008141759317263188,-0.010844565040636904,-0.02686306371730478
