spec,feature,gain_mean_3seed,gain_share,is_rd
Alpha20_RD8,alpha20_resi5,522.52052039087,0.031726146565859904,False
Alpha20_RD8,alpha20_wvma5,630.5435061778311,0.0382850336254442,False
Alpha20_RD8,alpha20_rsqr5,797.9390202805031,0.0484488729535458,False
Alpha20_RD8,alpha20_klen,611.3159141784581,0.03711758205545736,False
Alpha20_RD8,alpha20_rsqr10,693.0357959683593,0.042079410052320944,False
Alpha20_RD8,alpha20_corr5,468.38662587828003,0.028439271114150396,False
Alpha20_RD8,alpha20_cord5,493.80936867823283,0.02998287683431257,False
Alpha20_RD8,alpha20_corr10,500.45700007135747,0.030386504480814026,False
Alpha20_RD8,alpha20_roc60,581.6986486299502,0.03531929534516881,False
Alpha20_RD8,alpha20_resi10,589.4160442271772,0.03578787641379592,False
Alpha20_RD8,alpha20_vstd5,532.9630208983677,0.03236018922770046,False
Alpha20_RD8,alpha20_rsqr60,721.0686843857305,0.04378149732332156,False
Alpha20_RD8,alpha20_corr60,617.1204369396704,0.037470018242517215,False
Alpha20_RD8,alpha20_wvma60,571.4774380042605,0.034698688854636006,False
Alpha20_RD8,alpha20_std5,549.3493161692362,0.03335512432622279,False
Alpha20_RD8,alpha20_rsqr20,685.9268612738233,0.041647773216551776,False
Alpha20_RD8,alpha20_cord60,535.2614155016862,0.03249974203224203,False
Alpha20_RD8,alpha20_cord10,339.9246710650623,0.020639380684024752,False
Alpha20_RD8,alpha20_corr20,527.948658096963,0.032055729588387614,False
Alpha20_RD8,alpha20_klow,528.4807520744847,0.03208803701146267,False
Alpha20_RD8,rd8_reversal_1d,650.2196784530291,0.03947972187422546,True
Alpha20_RD8,rd8_atr_10d,1059.245291255783,0.06431473989660584,True
Alpha20_RD8,rd8_volume_ratio_10d,483.28683504466125,0.029343974760087512,True
Alpha20_RD8,rd8_vol_norm_volume_momentum_20d,660.5808404105677,0.0401088258615896,True
Alpha20_RD8,rd8_vol_norm_price_momentum_10d,532.4464417994313,0.03232882382946987,True
Alpha20_RD8,rd8_rv_corr_20d,515.7114199635544,0.03131271492115229,True
Alpha20_RD8,rd8_dynamic_price_momentum,641.1595675482725,0.03892961447126216,True
Alpha20_RD8,rd8_dynamic_volume_momentum,428.4189699130754,0.02601253443767038,True
Alpha20_RD13_v2,alpha20_resi5,904.0544872109448,0.043113628048691136,False
Alpha20_RD13_v2,alpha20_wvma5,706.6067480387837,0.03369750489887345,False
Alpha20_RD13_v2,alpha20_rsqr5,876.1426931667871,0.04178253714254014,False
Alpha20_RD13_v2,alpha20_klen,509.0262699306865,0.02427505153644968,False
Alpha20_RD13_v2,alpha20_rsqr10,633.771232169364,0.030224037995770746,False
Alpha20_RD13_v2,alpha20_corr5,465.2086937361164,0.022185426730896244,False
Alpha20_RD13_v2,alpha20_cord5,501.38012707015696,0.023910413161263883,False
Alpha20_RD13_v2,alpha20_corr10,495.87007896137465,0.023647643418894356,False
Alpha20_RD13_v2,alpha20_roc60,617.3904914656887,0.029442853706714144,False
Alpha20_RD13_v2,alpha20_resi10,603.9071295868076,0.028799843072824842,False
Alpha20_RD13_v2,alpha20_vstd5,528.8109992945296,0.025218569294398394,False
Alpha20_RD13_v2,alpha20_rsqr60,714.7962840571805,0.03408805725471407,False
Alpha20_RD13_v2,alpha20_corr60,515.4398818374417,0.024580911506294593,False
Alpha20_RD13_v2,alpha20_wvma60,647.0262348101411,0.030856158362101652,False
Alpha20_RD13_v2,alpha20_std5,591.5049359447858,0.028208392478602847,False
Alpha20_RD13_v2,alpha20_rsqr20,802.3389536160279,0.038262896434367366,False
Alpha20_RD13_v2,alpha20_cord60,667.3842881736831,0.03182701747836901,False
Alpha20_RD13_v2,alpha20_cord10,529.2128416697293,0.0252377328325962,False
Alpha20_RD13_v2,alpha20_corr20,550.5226840307781,0.026253981997140338,False
Alpha20_RD13_v2,alpha20_klow,727.6691405593496,0.03470195338045631,False
Alpha20_RD13_v2,rd13_10_day_momentum,398.4546355198051,0.019001979629651795,True
Alpha20_RD13_v2,rd13_20_day_realized_volatility,575.7228342716631,0.027455756801232585,True
Alpha20_RD13_v2,rd13_5_day_volume_deviation,696.1198730508428,0.03319739430374987,True
Alpha20_RD13_v2,rd13_10_day_price_range_ratio,650.7487115510108,0.031033680270234513,True
Alpha20_RD13_v2,rd13_volatility_adjusted_10d_momentum,579.1532213829951,0.027619349190931636,True
Alpha20_RD13_v2,rd13_5d_short_term_reversal,744.3837836888828,0.03549906120641986,True
Alpha20_RD13_v2,rd13_daily_amihud_illiquidity,730.754005370584,0.03484906809083441,True
Alpha20_RD13_v2,rd13_rolling_beta_20d,1156.2988341834546,0.055142957150644094,True
Alpha20_RD13_v2,rd13_idiosyncratic_volatility_10d,618.7887522204728,0.02950953563236093,True
Alpha20_RD13_v2,rd13_cs_momentum_rank_5d,656.8937627278792,0.031326732795859395,True
Alpha20_RD13_v2,rd13_win_rate_5d,47.440602065374456,0.002262403982045919,True
Alpha20_RD13_v2,rd13_upday_volume_ratio_5d,591.0261292633395,0.02818555857482478,True
Alpha20_RD13_v2,rd13_atr_norm_close_14d,935.26247223063,0.044601911639250744,True
