spec,alias,num_boost_round,period,n_days_ensemble,IC_ens,RankIC_ens,ICIR_ens,RankICIR_ens,IC_seed_mean,IC_seed_std,RankIC_seed_mean,RankIC_seed_std,ICIR_seed_mean,ICIR_seed_std,RankICIR_seed_mean,RankICIR_seed_std
Alpha20,,10,valid_2018_2019,503,0.0012099465199179235,0.0010565142824936783,0.015894176077060854,0.013589117346454146,0.0009960907738057103,0.0017765269146562,0.0014988634892504776,0.0022989452298064245,0.013638182091293064,0.02463354063792092,0.020429456695382913,0.031451979752103544
Alpha20,,10,test_2020_2023,1006,0.0072702973531841375,0.007085708117449208,0.07483528649592687,0.07429962428511563,0.0062472826608556435,0.0008829297179464654,0.0059348577182661635,0.0006624145594310291,0.06984930136092567,0.011417740378566445,0.06778971159267093,0.008483517218828982
Alpha20,,10,holdout_2024_2025,500,6.256288262251642e-05,0.00031709179291008826,0.0008377734534483691,0.004357160906622206,1.4716389246905952e-05,0.0014174598663833028,0.0002650831841946312,0.0009948939141956649,9.030540721903281e-05,0.02027899269134683,0.003958556527330684,0.014708945310761907
Alpha20_RD8,B1,10,valid_2018_2019,503,0.0016788721440459508,0.0028822584883253445,0.01919170640606698,0.032829596689266105,0.0013575949507720578,0.0002235255667044674,0.002417954619808547,0.00022533964739594766,0.016713120077564352,0.002802906191368431,0.029697691349149024,0.003303130278976956
Alpha20_RD8,B1,10,test_2020_2023,1006,0.009250905974527832,0.009505539373501841,0.08092209405760105,0.08638309093695176,0.008283331087449391,0.0015008225102186444,0.008387526995822217,0.0008511408136230126,0.07765595877879124,0.014774313950894244,0.08153810891821527,0.008791031831676108
Alpha20_RD8,B1,10,holdout_2024_2025,500,0.0028696092972129786,0.002461086705510167,0.03301725921172996,0.028227559945447525,0.0025115925194727647,0.0019042371266313012,0.002046618862414357,0.002164992739404944,0.03052880859992213,0.023281270832898493,0.024834562790081782,0.026229504805725386
Alpha20_RD13_v2,,10,valid_2018_2019,503,0.003886153855707851,0.005078230663297022,0.04261778675713798,0.05260448907807877,0.0034650615941017727,0.0023676111404062473,0.0045410375870329305,0.001669629013633523,0.04130019345971856,0.02958147438320655,0.05125132356138155,0.019904742492035648
Alpha20_RD13_v2,,10,test_2020_2023,1006,0.01369516530222761,0.01352646081453614,0.09399865463888821,0.09423389046876683,0.01235856025835099,0.0012204562183144715,0.012092096287278207,0.0010452781157077107,0.09168070598274365,0.007600778506823455,0.09219418500875935,0.0065197855574621365
Alpha20_RD13_v2,,10,holdout_2024_2025,500,0.004118536273244183,0.0051565811714645825,0.039692210751750494,0.04864556678852344,0.0035586649373062587,0.002148380603939897,0.004404051068589103,0.0012602618920734153,0.0368124796246159,0.021918789923675134,0.04536520582004953,0.013052887500805696
Alpha20_RD4,,10,valid_2018_2019,503,0.0015468989572516216,0.0034340251920397533,0.016967976045862514,0.03796434960816662,0.0013293591223863149,0.0003583911461105178,0.0032120660980379887,0.0012056643196136896,0.015813226910185278,0.004244359138620596,0.03886974387854698,0.014788705794402907
Alpha20_RD4,,10,test_2020_2023,1006,0.013208208702779731,0.01243278331410894,0.1056753445451681,0.10751027714784311,0.011191097261232985,0.001752292203382173,0.010304807287266354,0.0013331774889522392,0.09716486945900431,0.0109498015477472,0.09816419303100242,0.012178487667698336
Alpha20_RD4,,10,holdout_2024_2025,500,0.003597285428804059,0.002943823332752885,0.03939417846725261,0.033826285238464544,0.003100763314487225,0.0022619230569618258,0.002295821096253292,0.0022364785954625387,0.03648588085208687,0.026740079406136204,0.028227957335894505,0.02710896089524848
Alpha20,,20,valid_2018_2019,503,0.0027256749463094596,0.003250835886024919,0.0356432931354514,0.041302211587438124,0.00244097725214008,0.0022403321627173017,0.003287272873442193,0.0029895047015803026,0.03395172945498687,0.031170239947810385,0.04520158378662618,0.041381889118395375
Alpha20,,20,test_2020_2023,1006,0.006479269401958032,0.005827610939694074,0.06721454433116601,0.06233066430569568,0.005705587529778135,0.0008657374247003128,0.0052047720193903945,0.0015319590791539272,0.06375956111842342,0.010882775836187136,0.06018543297836614,0.018351956347503855
Alpha20,,20,holdout_2024_2025,500,0.0006430175440320312,-0.00017585022721520056,0.008718099545947868,-0.0024139514983566603,0.0005699785820418814,0.0002980845338429419,-7.304202901659289e-05,0.001001753906927804,0.008143579810317589,0.004327457514060034,-0.0008215753665656826,0.01482428354651246
Alpha20_RD8,B1,20,valid_2018_2019,503,0.001750140175120753,0.0039967310655902935,0.02027958477893873,0.045884762473661474,0.0014543817502051676,0.0006044804724415864,0.003700361198237454,0.0003956708591992777,0.01796731389295071,0.0071568183427442355,0.045480288180860556,0.0031704754466180085
Alpha20_RD8,B1,20,test_2020_2023,1006,0.009792833537759704,0.010208553336674494,0.08662745906630369,0.0945696622283616,0.008789849960010405,0.0007659770059142777,0.00909628088996302,0.0008521069926984811,0.08337522842436797,0.0077060278166025935,0.09040553548907887,0.008223160726571473
Alpha20_RD8,B1,20,holdout_2024_2025,500,0.0019655655129948335,0.002216864271503596,0.023464559632221264,0.026493366287220807,0.0017614277279398988,0.0007329063231491827,0.0018541193345950474,0.0014011267795009756,0.022116585312337275,0.008907491490107585,0.0233728495263054,0.017252973325186688
Alpha20_RD13_v2,,20,valid_2018_2019,503,0.002795139090189379,0.004546202052252478,0.030138668318728638,0.04719082474125916,0.0025992891668840962,0.0017178414594547875,0.004384501667395572,0.0004142029370259061,0.030381577437646013,0.02075656224889518,0.04932746070776648,0.006482876517175805
Alpha20_RD13_v2,,20,test_2020_2023,1006,0.015158264537435816,0.015118988380002106,0.10794631208328075,0.1109961707625993,0.01368362836142773,0.001363759656062639,0.013596087583694271,0.0011183688467424808,0.1051551056447599,0.009523850820151412,0.10898223993034512,0.005829067997260453
Alpha20_RD13_v2,,20,holdout_2024_2025,500,0.005303969122723475,0.004449372166565259,0.0523790113391576,0.04339280053296312,0.004571951962434257,0.0015392781368150806,0.003287638121741439,0.0012939581826827491,0.04834046906009406,0.01643088082375868,0.03481705264329699,0.01358212759707157
Alpha20_RD4,,20,valid_2018_2019,503,0.003198533633319243,0.004404201063152205,0.03517334597345245,0.04907967929663969,0.0028433042816862664,0.0004881881448690459,0.004174140289662145,0.000666417563116597,0.0334813255733906,0.004993784037791034,0.050439541302900875,0.009368500318975233
Alpha20_RD4,,20,test_2020_2023,1006,0.014300146606761748,0.012769782378801886,0.11451734539769454,0.11355886201320431,0.01255325466323653,0.0010896111560674212,0.011274456563469799,0.0010094238457451412,0.10799302772417031,0.008955253524111027,0.10914265662181012,0.009643265748380389
Alpha20_RD4,,20,holdout_2024_2025,500,0.0035210945427240708,0.0022510432635831695,0.03845025384538158,0.02636770859950464,0.0030893361002316227,0.0006427392073814666,0.001711869800550659,0.0006004992352109657,0.03591313416207545,0.007710250824625608,0.021357106177197476,0.007238318885881603
Alpha20,,50,valid_2018_2019,503,0.0040246122403894006,0.003961564019758723,0.05617430420442609,0.05466071227398268,0.0036187507695807884,0.002971817935633222,0.003953214737775434,0.0025639714389190933,0.05359445719968984,0.0440887831653336,0.057876207635453474,0.03772342504106396
Alpha20,,50,test_2020_2023,1006,0.007010125695661651,0.006170547459088988,0.07707534059087581,0.07162861914726819,0.006272164475686005,0.001317621823257606,0.005605543640659352,0.0010663114664827367,0.07338967486286764,0.015867166104728835,0.06945985611815512,0.013555759773816957
Alpha20,,50,holdout_2024_2025,500,-0.0005659860743983402,-0.0020237728170163674,-0.008116998193797343,-0.03001570583701308,-0.00044897087646858833,0.0013001151253351478,-0.0015877582816055322,0.0012871892256043835,-0.006527814665097535,0.019190127396923252,-0.024190206221575677,0.01939138272626031
Alpha20_RD8,B1,50,valid_2018_2019,503,0.00022026554025885117,0.0034676018343044925,0.0027305345970513335,0.04233034467231663,0.00014584727040276813,0.000259785998189908,0.0026370668206974353,0.0010537062045436307,0.0019295254959139712,0.0034544113424884765,0.03420124536209299,0.012973359279391567
Alpha20_RD8,B1,50,test_2020_2023,1006,0.009451922811538914,0.009448461989625238,0.08745605171362902,0.09408141102177028,0.008562954135364847,0.0012395300741531714,0.008571106151147803,0.0012733821060363292,0.08416132403874728,0.012382973046144113,0.09061383333401822,0.014100487681996211
Alpha20_RD8,B1,50,holdout_2024_2025,500,0.00027814818919932893,0.0007943234932823249,0.003575020022513737,0.010439286688228504,0.00028045506616809014,0.0017177935925533133,0.0006346625791296508,0.0005751508888540394,0.0038175674795529867,0.02310987411706365,0.008812162684330908,0.007991934195478058
Alpha20_RD13_v2,,50,valid_2018_2019,503,0.001490260793615037,0.0030902255710302117,0.01656890857640475,0.034491441949148056,0.001397027398741939,0.0009377268517043006,0.00300967314997826,0.0016511482915885023,0.016504239187563538,0.010904349530927669,0.03586194510612797,0.01954271456918172
Alpha20_RD13_v2,,50,test_2020_2023,1006,0.014739012534065243,0.015116258466904219,0.11258625517434523,0.12395976710877449,0.013286951875877534,0.0016263305410373647,0.013673977643433437,0.001561133717600768,0.10918628393683956,0.014711930786298495,0.12166284933770642,0.014619290954706392
Alpha20_RD13_v2,,50,holdout_2024_2025,500,0.0024329289271484747,0.002401047582270024,0.025593107799097143,0.025450664768306343,0.002163599200287429,0.0010320706700369378,0.002022937286292509,0.0022629926705595494,0.02413135954077249,0.01148527598937376,0.023181323799365466,0.0259573139481843
Alpha20_RD4,,50,valid_2018_2019,503,0.004205073522082714,0.004897413235519872,0.050147828833689866,0.059994493516558604,0.0037610192599326527,0.001093161254067112,0.004471673444019111,0.0011981981791634128,0.04781714752239652,0.015279126068783112,0.058852324184338854,0.017622649950428507
Alpha20_RD4,,50,test_2020_2023,1006,0.013285924523120702,0.01203972028491818,0.11240751820535419,0.11446159033033083,0.01196112588986315,0.0008451576382872192,0.010931153828362171,0.0004830019340288288,0.1075345541415537,0.007870238027239634,0.11142168922390071,0.003925549119921835
Alpha20_RD4,,50,holdout_2024_2025,500,0.0024667003567444786,0.0011005668575725573,0.029127901969643252,0.014002200144601941,0.0021808694077294108,0.0012171589303931172,0.0010649336230617874,0.0009336260111312534,0.02709028533452687,0.015064690457912732,0.01429698618838122,0.012574150774380234
