comparison,period,n_paired_dates,delta_ic_mean,delta_rank_ic_mean,delta_ic_se,delta_rank_ic_se,delta_ic_tstat,delta_rank_ic_tstat,delta_ic_nw_tstat,delta_rank_ic_nw_tstat,delta_ic_positive_pct,delta_rank_ic_positive_pct,signal_pair,w_star,delta_ic_nw_pvalue,delta_rank_ic_nw_pvalue,delta_ic_evidence,delta_rank_ic_evidence
blend_wstar_minus_B1_R50,valid,503,0.011036262527198143,0.011091794677214837,0.005677381327123585,0.006430443946853953,1.9439001700436436,1.7248878567149963,2.083642683742714,1.9559120577629183,0.5387673956262425,0.5566600397614314,PV_F1C_R50,0.1,0.03719268137744458,0.05047551466979083,statistically_supported_positive,positive_point_estimate_not_conventionally_significant
blend_wstar_minus_F1C_R50,valid,503,-2.8206984979138343e-05,0.00017148147678625085,0.0003829532240150829,0.00043049559406462413,-0.07365647606619286,0.3983350332744841,-0.07206246338988993,0.4135743936627838,0.510934393638171,0.5188866799204771,PV_F1C_R50,0.1,0.9425521984044514,0.6791858293885886,no_evidence_of_improvement_or_negative_estimate,positive_point_estimate_not_conventionally_significant
blend_wstar_minus_B3_R50,valid,503,0.005384182264277724,0.002423328357148392,0.003783384004902488,0.004142662492534792,1.4231128157493214,0.5849688120901246,1.6370368868961365,0.6598848982057615,0.5308151093439364,0.510934393638171,PV_F1C_R50,0.1,0.1016227624021595,0.5093276961472408,positive_point_estimate_not_conventionally_significant,positive_point_estimate_not_conventionally_significant
blend_wstar_minus_B1_R50,test,1006,-0.0013562462642197567,-0.0017016445697337669,0.004072257615686181,0.0040917603213804195,-0.3330453012097142,-0.4158710276460402,-0.3715678929170462,-0.528628119636441,0.5178926441351889,0.5139165009940357,PV_F1C_R50,0.1,0.7102145979270178,0.5970634496516405,no_evidence_of_improvement_or_negative_estimate,no_evidence_of_improvement_or_negative_estimate
blend_wstar_minus_F1C_R50,test,1006,0.0007198157812633787,0.0009857021234269327,0.0003660664559836486,0.000378274170256328,1.9663527468781006,2.60578755022844,2.08402097487268,3.003553791226886,0.5089463220675944,0.5198807157057654,PV_F1C_R50,0.1,0.03715825940118567,0.002668463721062775,statistically_supported_positive,statistically_supported_positive
blend_wstar_minus_B3_R50,test,1006,-0.005183247381407005,-0.005482961923025184,0.0035078033431768527,0.0034045482807177328,-1.4776334002557798,-1.6104814709425381,-1.6792286674876182,-1.8848301686098183,0.49304174950298213,0.48111332007952284,PV_F1C_R50,0.1,0.09310748694479898,0.05945277048212372,no_evidence_of_improvement_or_negative_estimate,no_evidence_of_improvement_or_negative_estimate
blend_wstar_minus_B1_R50,valid,503,0.0,0.0,0.0,0.0,,,,,0.0,0.0,PV_EW_composite,1.0,,,no_evidence_of_improvement_or_negative_estimate,no_evidence_of_improvement_or_negative_estimate
blend_wstar_minus_EW_composite,valid,503,0.002271076114993596,0.0023564975078005307,0.0066667254383917995,0.007891265343636069,0.3406584140866379,0.2986209948827705,0.3448771217603861,0.3262715211962333,0.5009940357852882,0.5009940357852882,PV_EW_composite,1.0,0.7301867508036268,0.7442189330908413,positive_point_estimate_not_conventionally_significant,positive_point_estimate_not_conventionally_significant
blend_wstar_minus_B3_R50,valid,503,-0.00565208026292042,-0.008668466320066444,0.0034838977250619416,0.003821178178771259,-1.6223439116083493,-2.2685323516774303,-1.6858771860328372,-2.6868308233004994,0.4552683896620278,0.4572564612326044,PV_EW_composite,1.0,0.09181945697145677,0.007213347713666662,no_evidence_of_improvement_or_negative_estimate,no_evidence_of_improvement_or_negative_estimate
blend_wstar_minus_B1_R50,test,1006,0.0,0.0,0.0,0.0,,,,,0.0,0.0,PV_EW_composite,1.0,,,no_evidence_of_improvement_or_negative_estimate,no_evidence_of_improvement_or_negative_estimate
blend_wstar_minus_EW_composite,test,1006,0.002819061721205409,0.0017205180592797637,0.00466450740545085,0.004716275378580716,0.604364293196557,0.36480441050868506,0.6489598366378383,0.4211372362323158,0.5268389662027833,0.5059642147117296,PV_EW_composite,1.0,0.5163643367065702,0.6736548723592168,positive_point_estimate_not_conventionally_significant,positive_point_estimate_not_conventionally_significant
blend_wstar_minus_B3_R50,test,1006,-0.0038270011171872478,-0.0037813173532914176,0.00252994881341378,0.0024464848560745074,-1.5126792672233134,-1.5456124095363124,-1.5213325574333225,-1.773703944316152,0.47813121272365805,0.4731610337972167,PV_EW_composite,1.0,0.12817640399491181,0.0761121336783368,no_evidence_of_improvement_or_negative_estimate,no_evidence_of_improvement_or_negative_estimate
