,contrast,num_boost_round,period,n_common_days,delta_RankIC,boot_ci_lo,boot_ci_hi,boot_p_two_sided,block,n_boot
0,Alpha20_RD8_minus_Alpha20,10,test_2020_2023,1006,0.0024198312560526,-0.0025075397714229,0.0062766095312661,0.399,21,2000
1,Alpha20_RD13_v2_minus_Alpha20,10,test_2020_2023,1006,0.0064407526970869,-0.001422213103969,0.0151578423401995,0.127,21,2000
2,Alpha20_RD4_minus_Alpha20,10,test_2020_2023,1006,0.0053470751966597,4.1788923994277074e-05,0.0116213463183654,0.049,21,2000
3,Alpha20_RD13_v2_minus_Alpha20_RD8,10,test_2020_2023,1006,0.0040209214410343,-0.0030954318952794,0.0123125595876598,0.319,21,2000
4,Alpha20_RD8_minus_Alpha20,10,holdout_2024_2025,500,0.0021439949126,-0.0026607652283366,0.0057251497522688,0.428,21,2000
5,Alpha20_RD13_v2_minus_Alpha20,10,holdout_2024_2025,500,0.0048394893785544,-0.0008447271668862,0.0108021061464043,0.102,21,2000
6,Alpha20_RD4_minus_Alpha20,10,holdout_2024_2025,500,0.0026267315398427,-0.0016261796249432,0.0064288813046357,0.222,21,2000
7,Alpha20_RD13_v2_minus_Alpha20_RD8,10,holdout_2024_2025,500,0.0026954944659544,-0.0029648503188547,0.0090576714297878,0.298,21,2000
8,Alpha20_RD8_minus_Alpha20,20,test_2020_2023,1006,0.0043809423969804,-0.0004649106179811,0.0083574741147004,0.08,21,2000
9,Alpha20_RD13_v2_minus_Alpha20,20,test_2020_2023,1006,0.009291377440308,0.0017915130984249,0.0177918688891882,0.009,21,2000
10,Alpha20_RD4_minus_Alpha20,20,test_2020_2023,1006,0.0069421714391078,0.001922667334977,0.0121968636563718,0.003,21,2000
11,Alpha20_RD13_v2_minus_Alpha20_RD8,20,test_2020_2023,1006,0.0049104350433276,-0.0021874579802446,0.0132858063388129,0.181,21,2000
12,Alpha20_RD8_minus_Alpha20,20,holdout_2024_2025,500,0.0023927144987187,-0.0019334933270529,0.0066405146358633,0.252,21,2000
13,Alpha20_RD13_v2_minus_Alpha20,20,holdout_2024_2025,500,0.0046252223937804,-0.0017262940218002,0.010618394708142,0.165,21,2000
14,Alpha20_RD4_minus_Alpha20,20,holdout_2024_2025,500,0.0024268934907983,-0.0013640300886179,0.006810774761761,0.216,21,2000
15,Alpha20_RD13_v2_minus_Alpha20_RD8,20,holdout_2024_2025,500,0.0022325078950616,-0.0038124780077488,0.0081628153700582,0.486,21,2000
16,Alpha20_RD8_minus_Alpha20,50,test_2020_2023,1006,0.0032779145305362,-0.0006369087587371,0.0065443811740012,0.11,21,2000
17,Alpha20_RD13_v2_minus_Alpha20,50,test_2020_2023,1006,0.0089457110078152,0.0020163406549717,0.0168730147463803,0.005,21,2000
18,Alpha20_RD4_minus_Alpha20,50,test_2020_2023,1006,0.0058691728258291,0.0017745851942505,0.0107573247327528,0.005,21,2000
19,Alpha20_RD13_v2_minus_Alpha20_RD8,50,test_2020_2023,1006,0.0056677964772789,-0.000505710707987,0.0132042452793193,0.074,21,2000
20,Alpha20_RD8_minus_Alpha20,50,holdout_2024_2025,500,0.0028180963102986,-0.0013135093112422,0.006919849397034,0.195,21,2000
21,Alpha20_RD13_v2_minus_Alpha20,50,holdout_2024_2025,500,0.0044248203992863,-0.0019164559296119,0.0107696769120421,0.179,21,2000
22,Alpha20_RD4_minus_Alpha20,50,holdout_2024_2025,500,0.0031243396745889,-0.0013728807767579,0.00758808995597,0.14,21,2000
23,Alpha20_RD13_v2_minus_Alpha20_RD8,50,holdout_2024_2025,500,0.0016067240889876,-0.0043346971923764,0.0067668494323832,0.689,21,2000
