signal_pair,w,period,ic_mean,rank_ic_mean,icir,rank_icir,ic_tstat,rank_ic_tstat,n_dates
PV_F1C_R50,0.0,valid,0.011345592928362,0.0123001156796422,0.10629340767297653,0.1010546313879598,2.3839125661212903,2.266419064968587,503
PV_F1C_R50,0.0,test,0.005132634058021142,0.005386356703181423,0.0542726853092725,0.05518480661619027,1.7213940620623154,1.7503242724003787,1006
PV_F1C_R50,0.0,covid,0.006546337606626446,0.007624302961422315,0.07094406669503718,0.08536070932142449,1.5942696141528545,1.9182433634467881,505
PV_F1C_R50,0.0,post_covid,0.0037076434551355547,0.0031305426105433984,0.038261594845710734,0.029717477776293792,0.8564103979452821,0.6651671753609331,501
PV_F1C_R50,0.1,valid,0.01131738594338286,0.012471597156428454,0.10640470253135306,0.10357151554065037,2.3864086495307593,2.3228668907597254,503
PV_F1C_R50,0.1,test,0.005852449839284521,0.006372058826608356,0.0613843819129332,0.06529448960068318,1.9469593208102314,2.0709781733391126,1006
PV_F1C_R50,0.1,covid,0.007646155780107008,0.008582889227454258,0.08194188821614576,0.0959728191894297,1.8414149145251864,2.15672087245877,505
PV_F1C_R50,0.1,post_covid,0.004044422892946484,0.0041435770852367385,0.0415223991366933,0.03938061088978504,0.9293970758849529,0.881457366830853,501
PV_F1C_R50,0.2,valid,0.011097748772983784,0.012365088870342277,0.10561373998873581,0.10538800762889809,2.3686692093720834,2.363606560417852,503
PV_F1C_R50,0.2,test,0.006635601794280726,0.0074154546422597134,0.06871456772117829,0.0759522334890075,2.179454511571886,2.4090151976690652,1006
PV_F1C_R50,0.2,covid,0.008866490967564693,0.009570675022221618,0.09292725281621539,0.10583244091300521,2.088280280413587,2.3782883135882393,505
PV_F1C_R50,0.2,post_covid,0.0043869011305912985,0.0052430269139548,0.04487364724060918,0.050203137477404264,1.0044081603382116,1.1236982963857118,501
PV_F1C_R50,0.3,valid,0.010572687176468303,0.012079393942191598,0.10315047886539538,0.10755888906676223,2.3134240227313865,2.4122943544455473,503
PV_F1C_R50,0.3,test,0.007426252719387722,0.008475968037874674,0.07549943060387407,0.08662645061013545,2.3946534207768457,2.747574711810781,1006
PV_F1C_R50,0.3,covid,0.010129499080072508,0.01041249221087014,0.10241461790331707,0.11221196918782184,2.3014822940754134,2.5216503811292674,505
PV_F1C_R50,0.3,post_covid,0.004701423553428007,0.006523982594036934,0.048055915135450135,0.06349845966338986,1.0756369558230594,1.421287882236107,501
PV_F1C_R50,0.4,valid,0.00963215679270053,0.011352024290409523,0.09783980671558905,0.10764890909970294,2.1943180654605077,2.414313293271841,503
PV_F1C_R50,0.4,test,0.00812227876472267,0.009411982776425283,0.08066820068254685,0.09569798186697566,2.5585939015341626,3.0353010321568554,1006
PV_F1C_R50,0.4,covid,0.01128010724370884,0.011127133713432099,0.10870878371519503,0.11518649192304686,2.442926078845349,2.588494465973756,505
PV_F1C_R50,0.4,post_covid,0.004939238082311458,0.007683138019562125,0.050665114307969286,0.07671581977823634,1.1340387373135172,1.7171324407650288,501
PV_F1C_R50,0.5,valid,0.008247902234259913,0.010218504865343703,0.08836775193193351,0.10463619192048706,1.9818820271389466,2.3467450922052366,503
PV_F1C_R50,0.5,test,0.00859428532375792,0.010023792548441301,0.08326831585872632,0.10119686376054565,2.6410630625761864,3.209711835411438,1006
PV_F1C_R50,0.5,covid,0.01211229585028938,0.01157339011794527,0.11085262374496802,0.11452285629823357,2.491102891597904,2.5735811101316504,505
PV_F1C_R50,0.5,post_covid,0.005048186888831,0.008461822942454265,0.05220006763697111,0.08717652976384291,1.1683956426285935,1.9512748187210227,501
PV_F1C_R50,0.6,valid,0.006539084926009657,0.00868333509551341,0.07416137699262386,0.096326173258688,1.6632662589715956,2.160370806666156,503
PV_F1C_R50,0.6,test,0.008749490522098518,0.01017737651423649,0.08304493430539249,0.10189854698053416,2.6339779574760445,3.2319674750845797,1006
PV_F1C_R50,0.6,covid,0.012472842646942003,0.011577122745904977,0.10924745588525471,0.1096386192219174,2.4550312303079447,2.463821533019131,505
PV_F1C_R50,0.6,post_covid,0.004996411034980834,0.008766454663951888,0.05224895290196713,0.09341014297040913,1.1694898429466336,2.090801965678694,501
PV_F1C_R50,0.7,valid,0.00472908443519288,0.006810702084129434,0.05629545076961103,0.08080143437328548,1.2625753134007138,1.8121872181925687,503
PV_F1C_R50,0.7,test,0.008592725282174446,0.01005896772570219,0.08054882852847665,0.1000834231574387,2.554807714872842,3.174396279681603,1006
PV_F1C_R50,0.7,covid,0.012361879934557994,0.011458755870282299,0.10518156219933106,0.10514182873429885,2.3636616336691114,2.362768735095392,505
PV_F1C_R50,0.7,post_covid,0.004793477578674063,0.008648003627871936,0.050749537711959274,0.09476789411883131,1.1359283888374152,2.1211925493963837,501
PV_F1C_R50,0.8,valid,0.0030224796851327233,0.004864552935398663,0.03717689391401843,0.060020431502786305,0.8337907920278163,1.3461179203486124,503
PV_F1C_R50,0.8,test,0.008214298409535527,0.009533211510599236,0.0766815919500161,0.09458603333341298,2.43214862688379,3.0000328011473485,1006
PV_F1C_R50,0.8,covid,0.01191282358153824,0.010900119577739318,0.09994667978618355,0.09823721535974818,2.2460222826460035,2.2076068475222117,505
PV_F1C_R50,0.8,post_covid,0.004486244094442973,0.008155390005797356,0.048050685810890066,0.09115396242343299,1.0755199076982873,2.040301810422127,501
PV_F1C_R50,0.9,valid,0.001530858592767977,0.0029668890965467614,0.019151375541509513,0.03712797712704304,0.4295205677512547,0.8326937028882555,503
PV_F1C_R50,0.9,test,0.007724963241287628,0.008792564746815952,0.07223995211366305,0.08738613874070074,2.291270901808129,2.771670122412307,1006
PV_F1C_R50,0.9,covid,0.01128984784317201,0.010005325340741205,0.09442247694429681,0.08969480481453715,2.1218812636218862,2.0156400460926913,505
PV_F1C_R50,0.9,post_covid,0.004131616486893193,0.0075701214335779235,0.04468782471491715,0.08569635375341855,1.000248889303723,1.9181439957318527,501
PV_F1C_R50,1.0,valid,0.000281123416184717,0.0013798024792136161,0.0035350077128071815,0.017195561868268625,0.07928195635446914,0.38565624074637156,503
PV_F1C_R50,1.0,test,0.007208696103504278,0.00807370339634212,0.06775114070842347,0.08058715631959834,2.148897012352233,2.5560233767048093,1006
PV_F1C_R50,1.0,covid,0.01061663689392021,0.009093890932992628,0.08909145025582954,0.0816481622877092,2.0020813387290013,1.8348142452316119,505
PV_F1C_R50,1.0,post_covid,0.003773546204981232,0.007045370649818156,0.04113026029279224,0.08045576358217084,0.9206198206578945,1.800843712454991,501
PV_EW_composite,0.0,valid,-0.0019899526988088768,-0.000976695028586914,-0.017573608248288804,-0.006918590318781099,-0.39413493698574237,-0.15516780167149102,503
PV_EW_composite,0.0,test,0.00438963438229887,0.006353185337062358,0.04216320967980495,0.056270984150385686,1.3373117317986174,1.7847751116587418,1006
PV_EW_composite,0.0,covid,0.005236123215171052,0.005878694181062486,0.048775572226737375,0.053841063567538434,1.0960946607173423,1.2099274208283222,505
PV_EW_composite,0.0,post_covid,0.003536387155551462,0.006831464845605143,0.03506974922586439,0.058569856109638996,0.7849672239611492,1.310970804555392,501
PV_EW_composite,0.1,valid,-0.0019617212799302483,-0.0008889076906856067,-0.017615881136108163,-0.006431920809898384,-0.3950830190040445,-0.1442529426677888,503
PV_EW_composite,0.1,test,0.0051548512549412576,0.007281725467327334,0.04944993408156833,0.06479481561448214,1.5684284352674436,2.0551297621556226,1006
PV_EW_composite,0.1,covid,0.006400341009993186,0.00685989009532117,0.05949590479944762,0.06325266430150316,1.3370041725409805,1.4214268424106529,505
PV_EW_composite,0.1,post_covid,0.003899417469908872,0.007706928786415384,0.03865953869157451,0.06625937148059963,0.8653175867012751,1.4830854522956707,501
PV_EW_composite,0.2,valid,-0.0019007384259610589,-0.0009016945242604501,-0.017577003455813933,-0.006820512165038769,-0.3942110835508111,-0.15296813803959713,503
PV_EW_composite,0.2,test,0.00600608618329263,0.008282885100018922,0.0575173553870859,0.07464705221397593,1.8243068951655819,2.3676181065918263,1006
PV_EW_composite,0.2,covid,0.0077141604633612195,0.007990947593917589,0.07130357754368326,0.07436685640506574,1.6023486156628546,1.6711872463741733,505
PV_EW_composite,0.2,post_covid,0.004284374583622693,0.00857715344449232,0.042603900577851475,0.07491336187580526,0.9536043543148144,1.6767879727488542,501
PV_EW_composite,0.3,valid,-0.0017877462703456976,-0.0007756079539398703,-0.017327225671110634,-0.006326643707934299,-0.38860915194726237,-0.14189182346207888,503
PV_EW_composite,0.3,test,0.006887474309842012,0.009286647139254816,0.06579104023510797,0.08523324127658434,2.086727519603099,2.703385590518584,1006
PV_EW_composite,0.3,covid,0.009099665626469708,0.009222520339956485,0.083182860394592,0.08640693076003003,1.8693022957858427,1.9417542661472782,505
PV_EW_composite,0.3,post_covid,0.004657620787093535,0.009351285928966706,0.0466795381543682,0.08405094003227058,1.0448294695474776,1.8813146522244706,501
PV_EW_composite,0.4,valid,-0.0016005290922344296,-0.0005513711830773926,-0.016583298209719533,-0.004996789714640644,-0.3719245986685755,-0.11206630826669663,503
PV_EW_composite,0.4,test,0.007687765381359486,0.010136859425375089,0.07314918521258935,0.09493900628775877,2.3201095054004015,3.0112282219048994,1006
PV_EW_composite,0.4,covid,0.010394088575170936,0.010276931588500174,0.09336613842990281,0.09629432061090523,2.0981430079197283,2.163945718327399,505
PV_EW_composite,0.4,post_covid,0.004959834816739161,0.00999566892162625,0.05037574926777654,0.09348093994127006,1.1275618711446544,2.092386616350806,501
PV_EW_composite,0.5,valid,-0.0013262980976842776,-0.0003628125366820105,-0.014885312245797455,-0.003716610441549894,-0.333842744251554,-0.08335488088073524,503
PV_EW_composite,0.5,test,0.00826093008677,0.010579556036467362,0.07818800671621169,0.10077898894082474,2.4799283418316524,3.1964578895406213,1006
PV_EW_composite,0.5,covid,0.011379890575867354,0.01099870393345997,0.0999958107207614,0.10215313766685781,2.247126363082344,2.295606256584069,505
PV_EW_composite,0.5,post_covid,0.00511706771752017,0.010157061649279209,0.05288314542965912,0.09928737215307297,1.1836849928666717,2.2223521585924377,501
PV_EW_composite,0.6,valid,-0.0009805594216884183,-7.118004060407869e-06,-0.011860445442177528,-8.165504474679087e-05,-0.2660020555215607,-0.0018313317026956125,503
PV_EW_composite,0.6,test,0.008501723076062364,0.010524368267697976,0.08003747655392529,0.10159693004656113,2.538588907058183,3.2224009390600585,1006
PV_EW_composite,0.6,covid,0.01189619599558604,0.0112514433194814,0.10233436158988327,0.10288740362140295,2.2996787577430315,2.3121068316789573,505
PV_EW_composite,0.6,post_covid,0.005080148576342887,0.00979148822548115,0.053449145524220844,0.10038892307075843,1.1963537895588987,2.2470082050425706,501
PV_EW_composite,0.7,valid,-0.0006090179111032015,0.00039733266519517945,-0.007739740940929429,0.004937929739826457,-0.17358428985898372,0.11074621667613606,503
PV_EW_composite,0.7,test,0.008415406624642576,0.010003365473538571,0.07894313453720024,0.09765794458711619,2.5038791108002494,3.0974661557192418,1006
PV_EW_composite,0.7,covid,0.011940234235842789,0.010879778156285623,0.10113887524523403,0.09827154448029503,2.272813543466525,2.208378298558473,505
PV_EW_composite,0.7,post_covid,0.004862436677225198,0.00911995548394324,0.051931857580155644,0.09759009360133158,1.1623922890722005,2.184361923062991,501
PV_EW_composite,0.8,valid,-0.00026043546002358503,0.0006109537434342621,-0.003366604957628579,0.0078459749342475,-0.07550507636700231,0.1759668699000654,503
PV_EW_composite,0.8,test,0.008099403421285779,0.009383224260976474,0.07589960417502722,0.0924680060075847,2.4073459272421496,2.9328542629712837,1006
PV_EW_composite,0.8,covid,0.011642176345901447,0.01032992886130193,0.09781236756807431,0.09279705743157039,2.198059580830874,2.0853545030327285,505
PV_EW_composite,0.8,post_covid,0.004528344884497532,0.008428961140887939,0.04887896800245227,0.0930542087732103,1.0940593722487648,2.082835080119046,501
PV_EW_composite,0.9,valid,3.799922504913127e-05,0.0010607028517158972,0.00048753998504014293,0.01357551718133301,0.0109343817482979,0.3044671039218455,503
PV_EW_composite,0.9,test,0.007669002693549294,0.008727265558669237,0.07193349018917451,0.08662460197586933,2.2815506947821347,2.747516077747799,1006
PV_EW_composite,0.9,covid,0.011161187127817005,0.009665802701981845,0.09354940934531585,0.08665849782610303,2.102261509511369,1.9474075328409652,505
PV_EW_composite,0.9,post_covid,0.004148936547231539,0.00778123510483118,0.04507296201755407,0.08777042441986409,1.0088694288276219,1.964567980199306,501
PV_EW_composite,1.0,valid,0.000281123416184717,0.0013798024792136161,0.0035350077128071815,0.017195561868268625,0.07928195635446914,0.38565624074637156,503
PV_EW_composite,1.0,test,0.007208696103504278,0.00807370339634212,0.06775114070842347,0.08058715631959834,2.148897012352233,2.5560233767048093,1006
PV_EW_composite,1.0,covid,0.01061663689392021,0.009093890932992628,0.08909145025582954,0.0816481622877092,2.0020813387290013,1.8348142452316119,505
PV_EW_composite,1.0,post_covid,0.003773546204981232,0.007045370649818156,0.04113026029279224,0.08045576358217084,0.9206198206578945,1.800843712454991,501
