spec,seed,period,mean_ic,mean_rank_ic,valid_ic_days,pred_std,pred_unique,best_iteration,num_trees,runtime_sec
D0_ALPHA20,42,train,0.027823883219318973,0.02332278080892245,2507,0.003931018028455721,37,,,
D0_ALPHA20,42,valid,-0.00021183383376515038,5.574237998277498e-05,503,0.003791468830527323,37,,,
D0_ALPHA20,42,test,0.006582897615068089,0.0052180066954505885,1006,0.004041894145364298,37,,,
D0_ALPHA20,42,covid,0.008499352298626648,0.0073479334512687134,505,0.004110437367230708,37,,,
D0_ALPHA20,42,post_covid,0.004651141896111861,0.0030710745363923984,501,0.0039714919266323956,37,,,
D0_ALPHA20,2026,train,0.026645272511685716,0.023302269032615643,2507,0.0036554957482829403,43,,,
D0_ALPHA20,2026,valid,0.002750759033101679,0.003754054790997086,503,0.0034069469942528477,43,,,
D0_ALPHA20,2026,test,0.0025259928283328245,0.003968113808987727,1006,0.003752839794147889,43,,,
D0_ALPHA20,2026,covid,0.00022146579387905162,0.002507336462385246,505,0.0038419964435724243,43,,,
D0_ALPHA20,2026,post_covid,0.0048489192802273475,0.005440554048577055,501,0.0036604443365697847,43,,,
D0_ALPHA20,3407,train,0.0385671076434212,0.0326509614553889,2507,0.005928945785735359,1071,,,
D0_ALPHA20,3407,valid,0.0013178514850043619,-0.0005743444161974047,503,0.0055039935270466194,1027,,,
D0_ALPHA20,3407,test,0.007733866120554123,0.007169318317172072,1006,0.006195661032481452,1064,,,
D0_ALPHA20,3407,covid,0.007159426063146896,0.008505762333772298,505,0.006410150120524433,1053,,,
D0_ALPHA20,3407,post_covid,0.00831289252572508,0.00582220408886246,501,0.005971557504761092,1041,,,
D0_ALPHA20,ensemble,train,0.04145716055350354,0.03540952369515344,2507,0.003526424591266121,23939,1.0,1.0,14.693840582855046
D0_ALPHA20,ensemble,valid,0.0013779333145080466,0.0021764661754073203,503,0.003303004442293598,15140,1.0,1.0,14.693845625035465
D0_ALPHA20,ensemble,test,0.007595033131919616,0.007102575959642357,1006,0.003638621168805487,19293,1.0,1.0,14.693848417140543
D0_ALPHA20,ensemble,covid,0.007169143298545631,0.00784370555516759,505,0.00373400052258041,15440,1.0,1.0,14.693850874900818
D0_ALPHA20,ensemble,post_covid,0.00802432328332453,0.006355529161757639,501,0.0035397234214453394,15544,1.0,1.0,14.693853083066642
D1_ALPHA20_FUND,42,train,0.03853745450739497,0.031867330569449355,2504,0.006836071440175528,674,,,
D1_ALPHA20_FUND,42,valid,0.004502214885802197,0.006934021844843627,503,0.006543221644051604,641,,,
D1_ALPHA20_FUND,42,test,0.007768408794386006,0.007627598210691216,1006,0.007294155580796197,667,,,
D1_ALPHA20_FUND,42,covid,0.012219724181071999,0.011173289723821324,505,0.00736225054519974,656,,,
D1_ALPHA20_FUND,42,post_covid,0.003281553963494938,0.004053597783284622,501,0.007223475090698524,639,,,
D1_ALPHA20_FUND,2026,train,0.06353848755840863,0.051258770123417924,2504,0.014504834269936527,828833,,,
D1_ALPHA20_FUND,2026,valid,0.004899500261178752,0.009885661869761248,503,0.014440807949403374,174783,,,
D1_ALPHA20_FUND,2026,test,0.0024103613327801374,0.004149959461847213,1006,0.01469718092411271,340166,,,
D1_ALPHA20_FUND,2026,covid,0.005336269629874507,0.008280297474888954,505,0.014710760519911364,173593,,,
D1_ALPHA20_FUND,2026,post_covid,-0.000538907509600415,-1.3355301797654501e-05,501,0.014683155728504963,171153,,,
D1_ALPHA20_FUND,3407,train,0.05117434119832719,0.04313245374909771,2504,0.01161392996281363,160974,,,
D1_ALPHA20_FUND,3407,valid,0.006998760873256625,0.010813066757523016,503,0.011241442481217903,61359,,,
D1_ALPHA20_FUND,3407,test,0.009704245779797253,0.010138255079036533,1006,0.011767226868587178,96842,,,
D1_ALPHA20_FUND,3407,covid,0.013808671392960553,0.01272421545808595,505,0.012025290315231389,59938,,,
D1_ALPHA20_FUND,3407,post_covid,0.005567050301458999,0.007531648309735222,501,0.011498051861161962,62749,,,
D1_ALPHA20_FUND,ensemble,train,0.06393404504054086,0.053858948143459894,2504,0.0092791492163683,923376,5.0,5.0,16.717485832981765
D1_ALPHA20_FUND,ensemble,valid,0.006655757807908607,0.011208955865513738,503,0.008988148290181311,184580,5.0,5.0,16.717495082877576
D1_ALPHA20_FUND,ensemble,test,0.007363105174587001,0.008732798380248678,1006,0.009374380833448265,363007,5.0,5.0,16.717498166952282
D1_ALPHA20_FUND,ensemble,covid,0.011656666553253058,0.01261661142214856,505,0.0094804270224911,183179,5.0,5.0,16.717500667087734
D1_ALPHA20_FUND,ensemble,post_covid,0.00303526386475395,0.004817976850988314,501,0.00926507441999483,179917,5.0,5.0,16.717503166757524
D2_ALPHA20_RD13_V2,42,train,0.037436390277362924,0.031041790944819295,2489,0.005476722209618433,46,,,
D2_ALPHA20_RD13_V2,42,valid,0.004926825558337334,0.004471614913836357,503,0.004579523408742183,46,,,
D2_ALPHA20_RD13_V2,42,test,0.010414681347341496,0.007648584227392823,1006,0.005881780854987758,46,,,
D2_ALPHA20_RD13_V2,42,covid,0.016975980316256377,0.009995650984510523,505,0.006051641166223699,46,,,
D2_ALPHA20_RD13_V2,42,post_covid,0.0038009967579163157,0.005282778414330072,501,0.00570514504136795,46,,,
D2_ALPHA20_RD13_V2,2026,train,0.03319322967390654,0.028985078118269,2489,0.005122387797898777,43,,,
D2_ALPHA20_RD13_V2,2026,valid,-0.00026256826445953405,-0.0010945195970300716,503,0.0044330397348964195,43,,,
D2_ALPHA20_RD13_V2,2026,test,0.0060431780653431005,0.0037062123868844823,1006,0.005209514081520015,43,,,
D2_ALPHA20_RD13_V2,2026,covid,0.011815241925528701,0.00814079705397169,505,0.005535071751201797,43,,,
D2_ALPHA20_RD13_V2,2026,post_covid,0.00022502986296040934,-0.000763778145808212,501,0.004853803841548541,43,,,
D2_ALPHA20_RD13_V2,3407,train,0.03273241550672318,0.028667992719405302,2489,0.005041090070170822,45,,,
D2_ALPHA20_RD13_V2,3407,valid,0.002334667823289308,0.002515715162458269,503,0.004228177163256845,45,,,
D2_ALPHA20_RD13_V2,3407,test,0.005681222690005413,0.006336969039105913,1006,0.005144190918055559,45,,,
D2_ALPHA20_RD13_V2,3407,covid,0.010087277084898334,0.01027304214800751,505,0.0054082899200279255,45,,,
D2_ALPHA20_RD13_V2,3407,post_covid,0.0012399902161113524,0.002369470196799912,501,0.0048574331515598874,45,,,
D2_ALPHA20_RD13_V2,ensemble,train,0.04667598345055896,0.039589594698636134,2489,0.00388124903321561,8750,1.0,1.0,16.49451629212126
D2_ALPHA20_RD13_V2,ensemble,valid,0.0032753545894127394,0.002964894243226896,503,0.003207204860858535,5670,1.0,1.0,16.49452504236251
D2_ALPHA20_RD13_V2,ensemble,test,0.009483068633341349,0.007290778464766886,1006,0.00395926466226859,7517,1.0,1.0,16.494528125040233
D2_ALPHA20_RD13_V2,ensemble,covid,0.016681278131971927,0.011829752467224043,505,0.004177893039650821,6287,1.0,1.0,16.494531042408198
D2_ALPHA20_RD13_V2,ensemble,post_covid,0.002227388400190767,0.0027155651489168572,501,0.0037232163639600723,6316,1.0,1.0,16.49453370925039
D3_ALPHA20_RD13_V2_FUND,42,train,0.05199894626056288,0.045363758631069485,2489,0.009901441658198234,19702,,,
D3_ALPHA20_RD13_V2_FUND,42,valid,0.005690528190958483,0.007817740352299775,503,0.009107368591244178,11825,,,
D3_ALPHA20_RD13_V2_FUND,42,test,0.009511987682113941,0.011583498946525656,1006,0.011085027825552655,15728,,,
D3_ALPHA20_RD13_V2_FUND,42,covid,0.014483630228191956,0.014946855842408112,505,0.011524616990510219,12498,,,
D3_ALPHA20_RD13_V2_FUND,42,post_covid,0.004500651383173026,0.008193288901773883,501,0.010605030701463297,12251,,,
D3_ALPHA20_RD13_V2_FUND,2026,train,0.06499180804480004,0.05378397502944049,2489,0.015348397885739497,429794,,,
D3_ALPHA20_RD13_V2_FUND,2026,valid,0.007721746287360424,0.011179035853534252,503,0.014157371382753758,119258,,,
D3_ALPHA20_RD13_V2_FUND,2026,test,0.012021404649057979,0.013911147227509732,1006,0.017230699136920706,219833,,,
D3_ALPHA20_RD13_V2_FUND,2026,covid,0.0193461260379492,0.019612781999510498,505,0.017662668804743327,122675,,,
D3_ALPHA20_RD13_V2_FUND,2026,post_covid,0.0046382024506746045,0.008163990421401176,501,0.016750658240145436,122754,,,
D3_ALPHA20_RD13_V2_FUND,3407,train,0.04438710473431416,0.039891653689903855,2489,0.007835252171077813,1454,,,
D3_ALPHA20_RD13_V2_FUND,3407,valid,0.0054396058942675195,0.008428709699743934,503,0.006985530745254782,1245,,,
D3_ALPHA20_RD13_V2_FUND,3407,test,0.011105576932273938,0.01177090456394726,1006,0.008547339396462947,1388,,,
D3_ALPHA20_RD13_V2_FUND,3407,covid,0.016631758408611686,0.015947889633591856,505,0.009065336096599248,1329,,,
D3_ALPHA20_RD13_V2_FUND,3407,post_covid,0.00553527424654427,0.007560570312109888,501,0.00798021257387283,1272,,,
D3_ALPHA20_RD13_V2_FUND,ensemble,train,0.06582486466273076,0.05640085296052382,2489,0.009477334932643347,828090,3.0,3.0,19.35167554207146
D3_ALPHA20_RD13_V2_FUND,ensemble,valid,0.007727063854511328,0.010901810189939399,503,0.008517390757006898,175389,3.0,3.0,19.351683458779007
D3_ALPHA20_RD13_V2_FUND,ensemble,test,0.01253298488591497,0.014254446629852053,1006,0.010658891628011691,342359,3.0,3.0,19.351686666719615
D3_ALPHA20_RD13_V2_FUND,ensemble,covid,0.01965685232214498,0.01936397024438438,505,0.011090964185656275,174136,3.0,3.0,19.35169554175809
D3_ALPHA20_RD13_V2_FUND,ensemble,post_covid,0.005352240264565362,0.009104128415602899,501,0.010182226792398181,172781,3.0,3.0,19.351698291953653
