config_id,topk,n_drop,nominal_replacement,axis,period,source,net_excess_arr,net_ir,absolute_mdd,excess_mdd_net,mean_turnover,realised_replacement,mean_holding_duration,median_holding_duration,mean_retained_frac,mean_daily_cost,avg_holdings
K5_D1,5,1,0.2,both,valid,S1_artifact,0.1845320222019114,1.3711108479071206,-0.1734187338952491,-0.1079046586084584,0.245387964833869,0.1268389662027833,7.762345679012346,2.0,0.8729083665338646,2.4538796483386885e-05,5.0
K5_D1,5,1,0.2,both,test,S1_artifact,0.1108958017950573,0.4300366960519117,-0.6791098490510477,-0.3245798602708244,0.2321148865882285,0.1163021868787276,8.525423728813559,2.0,0.883582089552239,2.321148865882286e-05,5.0
K5_D2,5,2,0.4,replacement,valid,new_backtest,0.163113688499917,1.2306351171689336,-0.16299990113223137,-0.10755796586731009,0.29209066017561586,0.14671968190854873,6.724598930481283,2.0,0.8529880478087649,2.9209066017561587e-05,5.0
K5_D2,5,2,0.4,replacement,test,new_backtest,0.08002515695461052,0.3158809893899757,-0.7095859145541878,-0.3411960989253702,0.279715411607345,0.13757455268389662,7.216642754662841,2.0,0.8622885572139305,2.7971541160734456e-05,5.0
K5_D3,5,3,0.6,replacement,valid,new_backtest,0.16199213380950622,1.2246311592797323,-0.16309245133819397,-0.10958931666933608,0.29428224771007605,0.14870775347912524,6.635883905013193,2.0,0.850996015936255,2.94282247710076e-05,5.0
K5_D3,5,3,0.6,replacement,test,new_backtest,0.07923372836867555,0.3101979633623612,-0.7095859145541878,-0.3411960989253702,0.2850665755477669,0.14035785288270378,7.074542897327707,2.0,0.859502487562189,2.8506657554776692e-05,5.0
K5_D4,5,4,0.8,replacement,valid,new_backtest,0.16199213380950622,1.2246311592797323,-0.16309245133819397,-0.10958931666933608,0.29428224771007605,0.14870775347912524,6.635883905013193,2.0,0.850996015936255,2.94282247710076e-05,5.0
K5_D4,5,4,0.8,replacement,test,new_backtest,0.07465354058217347,0.2936580276544805,-0.7095859145541878,-0.3411960989253702,0.28485613801416354,0.14035785288270378,7.074542897327707,2.0,0.8595024875621892,2.848561380141634e-05,5.0
K5_D5,5,5,1.0,replacement,valid,new_backtest,0.16199213380950622,1.2246311592797323,-0.16309245133819397,-0.10958931666933608,0.29428224771007605,0.14870775347912524,6.635883905013193,2.0,0.850996015936255,2.94282247710076e-05,5.0
K5_D5,5,5,1.0,replacement,test,new_backtest,0.07465354058217347,0.2936580276544805,-0.7095859145541878,-0.3411960989253702,0.28485613801416354,0.14035785288270378,7.074542897327707,2.0,0.8595024875621892,2.848561380141634e-05,5.0
K3_D1,3,1,0.3333333333333333,breadth,valid,new_backtest,0.14965563562916023,0.9259896480871649,-0.21613925489091676,-0.16789782452227714,0.3152899586442616,0.1616964877402253,6.109311740890688,2.0,0.8379814077025232,3.152899586442617e-05,3.0
K3_D1,3,1,0.3333333333333333,breadth,test,new_backtest,0.050094922951240566,0.175693696503372,-0.7642442267565556,-0.4011831702331702,0.26747081585346677,0.13585155732273027,7.3075060532687655,2.0,0.8640132669983416,2.6747081585346656e-05,3.0
K4_D1,4,1,0.25,breadth,valid,new_backtest,0.2021081515592501,1.427657898937662,-0.18667337012428128,-0.12608077343635868,0.25201969938519053,0.1272365805168986,7.7384615384615385,2.0,0.8725099601593626,2.5201969938519047e-05,4.0
K4_D1,4,1,0.25,breadth,test,new_backtest,0.07994161229959688,0.2969436593813737,-0.7672834012335032,-0.3951814814295359,0.2584314149066584,0.12872763419483102,7.708812260536399,2.0,0.8711442786069652,2.584314149066586e-05,4.0
K6_D1,6,1,0.16666666666666666,breadth,valid,new_backtest,0.16407461158615483,1.3538375547229684,-0.1638331401149035,-0.08436579167127217,0.20807215252945954,0.10437375745526839,9.401869158878505,2.0,0.8954183266932271,2.080721525294596e-05,6.0
K6_D1,6,1,0.16666666666666666,breadth,test,new_backtest,0.08240821285419446,0.3537341983751827,-0.6772005667035543,-0.3090075516382597,0.20453063200900182,0.10106030483764082,9.7987012987013,2.5,0.8988391376451079,2.045306320090018e-05,6.0
K7_D1,7,1,0.14285714285714285,breadth,valid,new_backtest,0.11920400947647909,1.0510394677155641,-0.17171497362052693,-0.09738413871510776,0.196283533652446,0.09656347628514626,10.146974063400576,2.0,0.9032441661923734,1.962835336524459e-05,7.0
K7_D1,7,1,0.14285714285714285,breadth,test,new_backtest,0.054091838136856814,0.2240887752589271,-0.6884034932502626,-0.3337255619844157,0.19629685359871493,0.10068162453848338,9.835195530726256,3.0,0.8992181947405828,1.9629685359871494e-05,7.0
