canonical_id,current_labels,signal_model,portfolio,train,validation,test,holdout,prospective,data_source,gross_net,transaction_cost,annualisation_accounting,evidence_status,precommitted_or_posthoc,result_data_path,report_path,script_path,research_question,chapter,equivalence_notes,uncertainty_flags
BASE-ALPHA20,BASE-ALPHA20; Alpha20 baseline; S0_alpha20_official (related),Alpha20 factors; LightGBM official transfer,Top20 / n_drop=2 / hold_thresh=1,2008-01-01..2017-12-31,2018-01-01..2019-12-31,2020-01-01..2023-12-31,,,staging/qlib_data; staging/alpha20_transfer_report.json,excess ARR net vs SPY (canonical headline −1.44%),1bp each side (formal portfolio convention); cost-drag audits separate,Qlib risk_analysis(freq=day); excess = port − bench − cost (net) unless noted,CORE_BASELINE,PRE_SPECIFIED_BASELINE,staging/alpha20_transfer_report.json,docs/decisions.md; reports/final/experiment_data_report_location_index.md,MISSING (canonical metrics in report; conf experiments/conf_alpha20_sp500_transfer.yaml),Does RD-Agent/Qlib transfer to US large caps?,Ch4,Full-universe canonical −1.44% ≠ common-sample Alpha20; do not mix,Main runner script MISSING in-repo; treat report JSON as authoritative for headline
RD-DEFAULT-40,RD-DEFAULT-40; RD-Agent default 40-loop,RD-Agent generated price-volume factors (40 loops),Top20 / n_drop=2 (loop portfolios),2008-01-01..2017-12-31,2018-01-01..2019-12-31,2020-01-01..2023-12-31,,,docs/experiment_log/0710_log/phase2_experiment_data,loop IC and excess ARR (many negative excess),1bp convention; separate cost-drag audit mean ~0.069pp,Qlib risk_analysis(freq=day); excess = port − bench − cost (net) unless noted,CORE,PRE_SPECIFIED_WORKSTREAM,docs/experiment_log/0710_log/phase2_experiment_data/rdagent_40loop_master_metrics.csv,docs/experiment_log/0710_log/phase2_hypothesis_guidance_experiments.md,MISSING (RD-Agent external workspace),Does automated factor search beat Alpha20?,Ch4,,Execution workspace not stored as repo script
RD-PROMPT-REGIME-DIVERSITY,RD-PROMPT-REGIME; RD-PROMPT-DIVERSITY,Regime/diversity prompted RD-Agent loops,Top20 / n_drop=2,2008-01-01..2017-12-31,2018-01-01..2019-12-31,2020-01-01..2023-12-31,,,docs/experiment_log/0710_log/phase2_experiment_data,mean loop IC / ARR,1bp,Qlib risk_analysis(freq=day); excess = port − bench − cost (net) unless noted,CORE,PRE_SPECIFIED_WORKSTREAM,docs/experiment_log/0710_log/phase2_experiment_data/rdagent_*_metrics.csv,docs/experiment_log/0710_log/phase2_hypothesis_guidance_experiments.md,MISSING,Do prompt priors improve discovery?,Ch4,,
PORT-ABLATION-PHASE3,PORT-ABLATION; Phase3 TopK/n_drop/hold_thresh/cost grid,Fixed Alpha20 baseline_pred (NOT final W1),"grids over TopK∈{10,20,50,100}, n_drop dense, hold_thresh, costs",,,2020-01-01..2023-12-31 (pooled),,,EXTERNAL ${RDAGENT_ROOT}/phase3_portfolio_ablation/results,excess ARR vs P84398; n_drop=2 ≈ −1.44%; n_drop=4 ≈ +4.02%,grid incl. 0/1/5/10bp variants,Qlib risk_analysis(freq=day); excess = port − bench − cost (net) unless noted,DEVELOPMENT_MOTIVATION,PRE_HOLDOUT_MOTIVATION (dated ~2026-07-12/13 ≪ holdout open 2026-08-04); NOT formal W1 eval,${RDAGENT_ROOT}/phase3_portfolio_ablation/results,${RDAGENT_ROOT}/phase3_portfolio_ablation/results/EXPERIMENT1_TOPK_SUMMARY.md,MISSING in wrds_project,Is portfolio implementation a bottleneck given fixed pred?,Ch4; motivates Ch6/Ch8 P20D4,NOT equivalent to W1+P20D4; same n_drop labels different signal,Artifacts outside wrds_project; TopK=20 best among tested; n_drop=4 pooled winner on Alpha20 only
RD13-V2,RD13-V2; RD13_v2_CORRECTED,13 unique RD factor vectors (corrected),N/A (factor provenance),,,,,,data/fundamental_experiments/RD13_provenance/RD13_v2_CORRECTED,N/A,N/A,N/A,CORE_PROVENANCE,CORRECTION_OF_RD13_V1,data/fundamental_experiments/RD13_provenance/RD13_v2_CORRECTED,data/fundamental_experiments/RD13_provenance/RD13_provenance_reconstruction_report.md,03_fundamentals_news/RD13_provenance_reconstruction.py,Are named RD13 factors independent?,Ch4,Supersedes RD13-V1 (4 vectors / 9 aliases),
SIGNAL-D2,D2; SIGNAL_D2; pred_D2_ALPHA20_RD13_V2,Alpha20 + RD13_v2 LightGBM ensemble (canonical quantitative leg),Native Top20/n_drop=2 when portfolio metrics reported; H0 uses D2 as W1 input not standalone primary,2008-01-01..2017-12-31,2018-01-01..2019-12-31,2020-01-01..2023-12-31,,,data/rd13_v2_downstream_replication/stage_2_delayed_models/pred_D2_ALPHA20_RD13_V2.parquet,test Rank IC ~0.00729; native excess ARR ~+11.18% (D-series registry),1bp when portfolio,Qlib risk_analysis(freq=day); excess = port − bench − cost (net) unless noted,CORE_SIGNAL,SELECTED_FOR_H0,data/rd13_v2_downstream_replication/stage_2_delayed_models/,data/final_experiment_inventory/RD13_V2_D_SERIES_REGISTRY.md,03_fundamentals_news/RD13_v2_downstream_replication_pipeline.py,Best delayed quant stack for downstream fusion,Ch4,NEVER confuse with n_drop=2 or P20D2; D1/D3 are different ablations,Standalone D2 portfolio universe may differ from panel∩D2∩F1C fair W0
SIGNAL-D1,D1,Alpha20 + PIT fundamentals,Top20/n_drop=2 when reported,2008-01-01..2017-12-31,2018-01-01..2019-12-31,2020-01-01..2023-12-31,,,data/rd13_v2_downstream_replication/stage_2_delayed_models,excess ARR ~8.72% (registry),1bp,Qlib risk_analysis(freq=day); excess = port − bench − cost (net) unless noted,CORE_ABLATION,DEVELOPMENT_ABLATION,data/rd13_v2_downstream_replication/stage_2_delayed_models,data/final_experiment_inventory/RD13_V2_D_SERIES_REGISTRY.md,03_fundamentals_news/RD13_v2_downstream_replication_pipeline.py,Incremental fundamentals vs Alpha20,Ch4,Not H0 quant leg,
SIGNAL-D3-REGISTRY,D3 (registry); Alpha20+RD13_v2+fundamentals,Full delayed stack,Top20/n_drop=2 when reported,2008-01-01..2017-12-31,2018-01-01..2019-12-31,2020-01-01..2023-12-31,,,data/rd13_v2_downstream_replication/stage_2_delayed_models,Rank IC ~0.01425; excess ARR ~8.28% (IC vs ARR rank diverge from D2),1bp,Qlib risk_analysis(freq=day); excess = port − bench − cost (net) unless noted,CORE_ABLATION,DEVELOPMENT_ABLATION,data/rd13_v2_downstream_replication/stage_2_delayed_models,data/final_experiment_inventory/RD13_V2_D_SERIES_REGISTRY.md,03_fundamentals_news/RD13_v2_downstream_replication_pipeline.py,Does stacking fundamentals on D2 help portfolios?,Ch4,NOT the same as POSTHOC D3_RS120,
F1C,F1C; F1_finalisation selected_spec,11-feature LightGBM ensemble; no operating profitability; 3 seeds,Standalone Top20/n_drop=2 when reported; H0 uses as fusion leg,2008-01-01..2017-12-31,2018-01-01..2019-12-31,2020-01-01..2023-12-31,,,data/fundamental_experiments/F1_fundamental_lightgbm/main/F1C_no_operating_profitability_ensemble_pred.pkl,full-test Rank IC ~0.00783; excess ARR ~7.09%,1bp when portfolio,Qlib risk_analysis(freq=day); excess = port − bench − cost (net) unless noted,CORE_SIGNAL,FROZEN_SELECTED,data/fundamental_experiments/F1_fundamental_lightgbm,data/fundamental_experiments/F1_fundamental_lightgbm/F1_finalisation_report.md,03_fundamentals_news/F1_finalize_fundamental_model.py,Auditable PIT fundamental score,Ch5,F1=family exploration; only F1C enters H0,Exact 2026 PIT F1C replay marked NO in deployment preflight
F1-FAMILY,F1; F1A–F1D; FUND-ROBUSTNESS,Fundamental LightGBM family / removals / missingness,varies,2008-01-01..2017-12-31,2018-01-01..2019-12-31,2020-01-01..2023-12-31,,,data/fundamental_experiments/F1_fundamental_lightgbm,see F1 report,1bp,Qlib risk_analysis(freq=day); excess = port − bench − cost (net) unless noted,SUPPORTING,DEVELOPMENT,data/fundamental_experiments/F1_fundamental_lightgbm,data/fundamental_experiments/F1_fundamental_lightgbm/F1_fundamental_lightgbm_report.md; reports/fundamental_experiments_report.md,03_fundamentals_news/F1_fundamental_lightgbm.py,Select stable fundamental specification,Ch5,,
FUSION-F2-F3-F4-X,F2; F3; F4; X1A; X2,Score fusion / joint model / overlay / interaction discovery,Top20/n_drop=2 typically,2008-01-01..2017-12-31,2018-01-01..2019-12-31,2020-01-01..2023-12-31,,,data/fundamental_experiments/F2_*; F3_*; F4_*; X1A_*; X2_*,F2/F3 excess ~9%; X2 IC↑ but ARR↓ ~0.77pp,1bp,Qlib risk_analysis(freq=day); excess = port − bench − cost (net) unless noted,SUPPORTING_NEGATIVE_OR_PARTIAL,DEVELOPMENT,data/fundamental_experiments/,data/final_experiment_inventory/FUNDAMENTAL_F_SERIES_REGISTRY.md,03_fundamentals_news/F2_*; F3_*; F4_*; X1A_*; X2_*,Complex fusion vs fixed 70/30,Ch5,Did not displace W1 fixed 70/30,F4 original RD13_v1 interpretation superseded
SENTIMENT-E1,SENTIMENT-E1; S5R av_only_exante_v2,Leakage-safe immediate Alpha Vantage sentiment,IC evidence primarily; not H0 portfolio input (w_sentiment=0),,2018-01-01..2019-12-31,2020-01-01..2023-12-31,,,data/sentiment_experiments/S5R_corrected/av_only_exante_v2,E1 test Rank IC ~0.01045 (not portfolio primary),N/A for IC,daily IC / Rank IC,CORE_NEGATIVE_FOR_INTEGRATION,CORRECTED_EXANTE,data/sentiment_experiments/S5R_corrected/av_only_exante_v2,data/final_experiment_inventory/SENTIMENT_EXPERIMENTS_COMPLETE_REVIEW.md,03_fundamentals_news/S5R_corrected_av_only_exante_v2.py,Is short-horizon sentiment predictive without leakage?,Ch5,Supersedes leaked same-day E0/E1,
SENTIMENT-I-SERIES,I0–I3; comparable immediate models,RD13_v2 comparable panel + AV integrations,portfolio metrics in stage_4,,,immediate comparable sample,,,data/rd13_v2_downstream_replication/comparable_immediate_models,I2 excess ARR ~−3.16% (integration fails),1bp,Qlib risk_analysis(freq=day); excess = port − bench − cost (net) unless noted,CORE_NEGATIVE,DEVELOPMENT,data/rd13_v2_downstream_replication/stage_4_immediate_models,data/rd13_v2_downstream_replication/stage_4_immediate_models/immediate_experiment_report.md,03_fundamentals_news/RD13_v2_immediate_comparable_rerun.py,Does sentiment integrate into main signal?,Ch5,,
P-HMM-SE,P-HMM-SE,HMM regime × sentiment extension,validation-only; no test/holdout,,2018-01-01..2019-12-31,,,,data/portfolio_experiments/hmm_sentiment_extension,S3/E0 +0.56% identical (event indicator not sentiment),1bp,Qlib risk_analysis(freq=day); excess = port − bench − cost (net) unless noted,CLOSED_INVALIDATED,CLOSED; w_sentiment frozen 0,data/portfolio_experiments/hmm_sentiment_extension,data/final_experiment_inventory/HMM_sentiment_extension_final_report.md,04_portfolio/ (hmm_sentiment_extension not shipped),Regime-conditioned sentiment alpha?,Ch5; Appendix,,
W1,W1; fixed 0.7 D2_z + 0.3 F1C_z; HMM WEIGHT_SCHEMES W1,daily CS winsor p1/p99 + z(ddof=0); fixed 0.7/0.3 all states,N/A (signal scheme); typically Top20/n_drop=2 when paired,,2018-01-01..2019-12-31 (selected; valid excess +1.16%),2020-01-01..2023-12-31,2024-01-01..2025-12-29/31,,panel ∩ D2 ∩ F1C; signal_utils.WEIGHT_SCHEMES,scheme-level then portfolio,inherits portfolio arm,Qlib risk_analysis(freq=day); excess = port − bench − cost (net) unless noted,CORE_FROZEN_SIGNAL,VALIDATION_SELECTED; FROZEN in precommit,data/portfolio_experiments/hmm_regime/selected_factor_weights.json,reports/portfolio_experiments/hmm_regime/validation_decision_report.md,04_portfolio/signal_utils.py; run_validation.py,Fixed fusion of D2 and F1C,Ch6,≠ S6-W1 (in-portfolio rank weighting). ≠ W0/W2/W3,
W2,W2; regime-dependent D2/F1C weights,Bull 0.8/0.2; Neutral 0.6/0.4; Bear 0.4/0.6,with Top20/n_drop=2 as T1/H1,,2018-01-01..2019-12-31 (valid excess −0.37%; not selected),2020-01-01..2023-12-31,2024-01-01..2025,,same panel + frozen 2-state HMM lag-1,T1 +10.27%; H1 −7.42%,1bp,Qlib risk_analysis(freq=day); excess = port − bench − cost (net) unless noted,FORMAL_HYPOTHESIS_ARM,PRECOMMITTED as H1; not primary,data/portfolio_experiments/hmm_regime/; final_holdout/,reports/portfolio_experiments/hmm_regime/test_results_report.md; reports/final/final_holdout_evaluation_report.md,04_portfolio/run_portfolio_test.py; 05_later_evaluation/precommit/run_holdout.py,Does dynamic factor weighting help?,Ch6–Ch8,≠ S6-W2,
ENGINE-P20D2,P20D2; Top20/n_drop=2; formal H0 engine; K20; R0,Usually W1 (unless arm says otherwise),TopK=20; n_drop=2; hold_thresh=1; risk_degree=0.95,,2018-2019,2020-2023,2024-2025,,panel ∩ D2 ∩ F1C (PIT S&P500),net excess ARR,1bp,Qlib risk_analysis(freq=day); excess = port − bench − cost (net) unless noted,CORE_ENGINE,FROZEN with H0,(identity of H0/T0 portfolio rules),data/portfolio_experiments/final_holdout/final_holdout_precommit.json,qlib TopkDropoutStrategy,Conservative portfolio renewal,Ch6,Alias of H0/T0/A0/K20/CF0 portfolio rules — NOT alias of SIGNAL_D2,
ENGINE-P20D4,P20D4; Top20/n_drop=4; CF1,Usually W1,TopK=20; n_drop=4; hold_thresh=1; risk_degree=0.95,,,2020-2023 W1 excess +12.68%,2024-2025 counterfactual −0.69% (POST_HOC),,panel ∩ D2 ∩ F1C (PIT S&P500),net excess,1bp primary; cost grid 5/10bp in engine-pair,Qlib risk_analysis(freq=day); excess = port − bench − cost (net) unless noted,PRE_HOLDOUT_MOTIVATED_POST_HOC,NOT formal primary; Phase3 Alpha20 motivation; W1 eval post-hoc,data/portfolio_experiments/p5_vs_p20d4_mechanism/; reports/portfolio_engine_pair/p20d2_vs_p20d4_main_experiments/; reports/portfolio_counterfactuals/preholdout_replacement_mechanism_holdout_2024_2025/,reports/portfolio_engine_pair/p20d2_vs_p20d4_main_experiments/11_main_findings.md,04_portfolio/p20d2_vs_p20d4_pair/run_experiments.py; preholdout_replacement_mechanism/run_experiment.py,Responsive engine vs conservative P20D2,Ch6; Ch8 discussion only,≠ SIGNAL_D2; ≠ formal H0,
ENGINE-P5,P5; Phase C Top5/n_drop=1; preferred return engine (post-hoc),W1,TopK=5; n_drop=1; hold_thresh=1; risk_degree=0.95 (max replacement 20%),,2018-2019,2020-2023 excess ~18.78% (p5_vs_p20d4); £1m→£4.52m in return-engine pack,2024-2025 post-hoc descriptive,2026 paper execution arm ONLY,panel ∩ D2 ∩ F1C (PIT S&P500),net; paper uses IBKR fills separately,1bp Qlib; paper IBKR commissions separate,Qlib risk_analysis(freq=day); excess = port − bench − cost (net) unless noted; paper NAV GBP,POST_HOC_PREFERRED_RETURN_ENGINE; PROSPECTIVE_OPERATIONAL,POST_HOC; NOT formal H0,data/portfolio_experiments/topk_breadth/; p5_vs_p20d4_mechanism/; final_return_engine_comparison/,reports/portfolio_experiments/topk_breadth/; final_return_engine_comparison/; 06_execution/,04_portfolio/run_experiment.py; 06_execution/p5_paper_*,Concentrated practical engine vs H0 breadth,Ch6 discussion; Ch7 risk; Ch9 paper,≠ Phase B K5 (matched ~10% replacement / half-drop). ≠ H0,Confirm which daily file for each P5 number cited
HMM-2STATE,HMM-2STATE; selected_hmm_model seed42,"n_states=2; seed=42; features spy_ret, spy_vol20; lag-1 online filter",N/A,2008-01-01..2017-12-31,2018-01-01..2019-12-31,states through 2023,forward filter states 2024-2025 CSV,,SPY features; hmm_daily_states_through_test.csv; human_validation holdout states,N/A,N/A,state labels bull/bear,CORE_FROZEN,VALIDATION_SELECTED,data/portfolio_experiments/hmm_regime/selected_hmm_model.json; hmm_daily_states_through_test.csv,reports/portfolio_experiments/hmm_regime/validation_decision_report.md,04_portfolio/run_validation.py,Market state model for weighting/exposure,Ch7,,Do not overwrite hmm_daily_states_through_test.csv casually (frozen timeline)
T0,T0; VALID_MAIN; equals H0/A0/P20D2/K20 on W1,W1,Top20/n_drop=2/hold_thresh=1/risk_degree=0.95,,,2020-01-01..2023-12-31; excess_arr_net=+0.09060922654970188 (+9.06%),,,panel ∩ D2 ∩ F1C (PIT S&P500),net excess ARR (Qlib),1bp,Qlib risk_analysis(freq=day); excess = port − bench − cost (net) unless noted,CORE_TEST,VALIDATION_SELECTED → TEST,data/portfolio_experiments/hmm_regime/portfolio_test_summary.csv; portfolio_test_daily_returns.parquet; data/final_experiment_inventory/final_hmm_experiment_summary.csv,reports/portfolio_experiments/hmm_regime/test_results_report.md,04_portfolio/run_portfolio_test.py,Frozen primary on test,Ch7,Same SPEC as H0; different WINDOW. SPECIFICATION_EQUIVALENT to legacy validation 2×2 P0 after W1 correction (not P0 D3 score source),MDD may differ by Qlib vs wealth definition across tables. See reports/final/hmm_validation_naming_resolution.md
T1,T1; maps to H1,W2,Top20/n_drop=2/risk_degree=0.95,,,2020-2023 excess +10.27%; ΔT1−T0 +1.21pp (bootstrap CI includes 0),,,panel ∩ D2 ∩ F1C (PIT S&P500),net,1bp,Qlib risk_analysis(freq=day); excess = port − bench − cost (net) unless noted,CORE_HYPOTHESIS_TEST,PRE_SPECIFIED_HYPOTHESIS,data/portfolio_experiments/hmm_regime/portfolio_test_summary.csv,reports/portfolio_experiments/hmm_regime/test_results_report.md,04_portfolio/run_portfolio_test.py,Dynamic weights on test,Ch7,≠ A1 (n_drop=5). SPECIFICATION_EQUIVALENT to legacy validation 2×2 P1 after W1 correction,See reports/final/hmm_validation_naming_resolution.md
T2-T3,T2; T3,T2=W1 Soft-2A; T3=W2 Soft-2A,Top20/n_drop=2 + Soft-2A exposure schedule,,,T2 −2.17%; T3 −1.58%,,,panel ∩ D2 ∩ F1C (PIT S&P500),net,1bp,Qlib risk_analysis(freq=day); excess = port − bench − cost (net) unless noted,CORE_NEGATIVE_EXPOSURE,PRE_SPECIFIED,data/portfolio_experiments/hmm_regime/portfolio_test_summary.csv,reports/portfolio_experiments/hmm_regime/test_results_report.md,04_portfolio/run_portfolio_test.py,Dynamic exposure,Ch7,Soft-2A not validation-selected; research arm only. NO_DIRECT_ALIAS to legacy validation P2/P3 (those collapsed onto fixed_095). test_2x2_mapping slot “selected dynamic exposure” is not an executed T2/T3 identity,See reports/final/hmm_validation_naming_resolution.md
MR4B-VT0,MR4B P0/P1/P2; VT0; VT1; TARGET_VOL,Underlying selection = P5 (W1); VT scales equity,"P0=bare P5; P1=P5+VT0 scale=min(1,TARGET_VOL/P5_VOL20); P2=P5+VT1(VIX)",,TARGET_VOL frozen from MR4A (=0.1863266074761898),2020-2023 VOL_TARGETING_SUPPORTED but ARR sacrifice large,opened-holdout descriptive,VT0-2026 approximate replay; paper VT0 shadow-only,data/portfolio_experiments/market_risk/,P0 Phase C net; P1/P2 approximate scaled cost,RISK_BUDGET_COST_APPROXIMATE=YES,vol/MDD/ARR tables in mr4b report,POST_HOC_RISK_LAYER,MR4A precommit then MR4B test; NOT formal H0,data/portfolio_experiments/market_risk/; vt0_2026/,reports/portfolio_experiments/market_risk/mr4b_volatility_targeted_p5_report.md; vt0_2026_*,market_risk scripts (not shipped in this pack); 05_later_evaluation/primary/,Volatility risk budget on P5,Ch7; Ch9,MR4B-P0 ≠ practical-P0 ≠ HMM-design-P0,Cost approximate; 2026 APPROXIMATE PIT
POSTHOC-PORTFOLIO-DIAGNOSTICS,A0/A1/A2/B1; TopK breadth; score-threshold; practical P0–P3; C1–C3; reverse-T1; leadership chain; D3_RS120; …,Mostly frozen W1; some D3_RS120 / diagnostics without new portfolios,Many variants; see naming audit,,often 2018-2019 thresholds,2020-2023 replay,OPENED — exploratory only,,data/portfolio_experiments/*,internal deltas; do not rewrite H0,1bp unless noted,Qlib risk_analysis(freq=day); excess = port − bench − cost (net) unless noted,POST_HOC,POST_HOC after holdout open 2026-08-04,"data/portfolio_experiments/{adaptive_turnover_ma120,topk_breadth,practical_candidate,breadth_turnover_candidate,...}",reports/portfolio_experiments/; reports/final/supervisor_experiment_map.md nodes 26–76,04_portfolio/*.py; 05_later_evaluation/**/*.py,Mechanism / practical engines without rewriting H0,Ch7 discussion; Appendix detail,"See alias crosswalk for A1≠H1, practical-P≠MR4B-P, S6-W≠HMM-W",Inventory CSV snapshot may predate many of these nodes
H0,H0; formal primary; ≡ T0/A0/P20D2/K20/CF0_H0/practical-P0,W1; 2-state HMM seed42 (states for labelling only; weights fixed),Top20/n_drop=2/hold_thresh=1/risk_degree=0.95,HMM 2008-2017; models earlier,2018-2019 selection,see T0,2024-01-01..2025; n_days=500; excess_arr_net=−0.045249011539454764 (−4.52%); 2024 −10.86%; 2025 +1.91%,,final_holdout_precommit sample_paths,FORMAL Qlib net excess,1bp,Qlib risk_analysis(freq=day); excess = port − bench − cost (net) unless noted,FORMAL_FROZEN_HOLDOUT_PRIMARY,FROZEN_PRECOMMIT 2026-08-04; executed holdout,data/portfolio_experiments/final_holdout/final_holdout_summary.csv; attribution/holdout_h0_daily_returns.parquet,reports/final/final_holdout_evaluation_report.md; data/final_experiment_inventory/FINAL_HOLDOUT_REGISTRY.md,05_later_evaluation/precommit/run_holdout.py; precommit.py,Does frozen primary generalise to 2024–2025?,Ch8,Same SPEC as T0; different WINDOW. SPECIFICATION_EQUIVALENT to legacy validation 2×2 P0 after W1 correction (not P0 D3 score source). Do not cite −5.20pp alternate tables as H0,Holdout end calendar: config 2025-12-31 vs pred max 2025-12-29 for some replays
H1,H1; ≡ T1 on holdout,W2 dynamic,Top20/n_drop=2/risk_degree=0.95,,,,excess −7.42%; H1−H0 Δ −2.90pp,,panel ∩ D2 ∩ F1C (PIT S&P500),net,1bp,Qlib risk_analysis(freq=day); excess = port − bench − cost (net) unless noted,FORMAL_FROZEN_HOLDOUT_ARM,PRECOMMITTED; dynamic NOT supported vs H0,data/portfolio_experiments/final_holdout/final_holdout_summary.csv,reports/final/final_holdout_evaluation_report.md,05_later_evaluation/precommit/run_holdout.py,Holdout test of dynamic weights,Ch8,≠ A1. SPECIFICATION_EQUIVALENT to T1 and to legacy validation 2×2 P1 after W1 correction,See reports/final/hmm_validation_naming_resolution.md
H2,H2; 3-state R2 + W1 fixed,W1; R2 3-state HMM,Top20/n_drop=2/risk_degree=0.95,,,,numerically identical to H0 path (parity),,panel ∩ D2 ∩ F1C (PIT S&P500),net −4.52%,1bp,Qlib risk_analysis(freq=day); excess = port − bench − cost (net) unless noted,FORMAL_CONTROL,PRECOMMITTED,data/portfolio_experiments/final_holdout/final_holdout_summary.csv,reports/final/final_holdout_evaluation_report.md,05_later_evaluation/precommit/run_holdout.py,3-state fixed control,Ch8,Same W1 fixed weights as H0; different HMM; returns match H0,
H3,H3; 3-state R2 + W2,W2; R2 3-state,Top20/n_drop=2,,,,excess −3.14%; HOLDOUT_SUPPORTED vs H2 only,,panel ∩ D2 ∩ F1C (PIT S&P500),net,1bp,Qlib risk_analysis(freq=day); excess = port − bench − cost (net) unless noted,FORMAL_ARM_NOT_PRIMARY,PRECOMMITTED; MUST NOT rewrite primary H0,data/portfolio_experiments/final_holdout/final_holdout_summary.csv; final_holdout_decision.json,reports/final/final_holdout_evaluation_report.md,05_later_evaluation/precommit/run_holdout.py,3-state dynamic vs H2,Ch8,HOLDOUT_SUPPORTED ≠ new primary,Highest risk of claim inflation
HOLDOUT-CF-P20D4,CF1_P20D4; replacement-speed identification,W1,Top20/n_drop=4,,,,excess −0.69%; Δ vs H0 +3.83pp,,panel ∩ D2 ∩ F1C (PIT S&P500),net,1bp,Qlib risk_analysis(freq=day); excess = port − bench − cost (net) unless noted,PRE_HOLDOUT_MOTIVATED_POST_HOC_HOLDOUT,POST_HOC_IDENTIFICATION_NOT_FORMAL_HOLDOUT,reports/portfolio_counterfactuals/preholdout_replacement_mechanism_holdout_2024_2025/; data/.../preholdout_replacement_mechanism_holdout_2024_2025/,reports/portfolio_counterfactuals/preholdout_replacement_mechanism_holdout_2024_2025/identification_report.md,preholdout_replacement_mechanism (not shipped); see reports/portfolio_counterfactuals/,Is slow replacement a holdout weakness?,Ch8 discussion,CF0 ≡ H0 replay,Duplicate data/ vs reports/ copies — prefer reports/ for narrative
PAPER-P5-IBKR,P5 paper; MOC; DUT* PAPER,Frozen P5 target weights,P5 only execution; VT0 shadow-only,,,,,2026-08-31 formal MOC window onward (08-28 MKT smoke excluded),Massive adj close sizing; IBKR fills; ExchangeRate:USD,Account PnL GBP; excess vs SPY GBP — NOT Qlib ARR,IBKR paper commissions; not 1bp model,execution audit window returns; dissertation_final_paper_audit pack,PROSPECTIVE_OPERATIONAL,OPERATIONAL after strategy freeze; not for parameter selection,06_execution/; reports/ibkr/; data/portfolio_experiments/market_risk/live_target/,reports/ibkr/dissertation_final_paper_audit_20260831_20260910/; .cursor/rules/p5-paper-execution.mdc,06_execution/p5_paper_moc_rebalance.py; audit_actual_paper_pnl_*,Can frozen P5 be executed at close?,Ch9,Not interchangeable with Qlib P5 backtest numbers,bak_* scripts; live_target JSON — operational not historical evidence
VT0-2026-REPLAY,VT0-2026; approximate deployment replay,P5 + VT0,P0/P1 only in 2026 pack,,,,,2026 (~160 days in comparison note),data/massive_2026/; market_risk/vt0_2026,£1m path; SPY price return convention,approximate,deployment-style; APPROXIMATE quality gate,POST_SELECTION_FORWARD_REPLAY,NOT untouched holdout,data/portfolio_experiments/market_risk/vt0_2026,reports/portfolio_experiments/market_risk/vt0_2026_deployment_validation_report.md,05_later_evaluation/primary/ (vt0_2026 validation; market_risk pack not shipped),Does VT0 still damp vol in 2026?,Ch9,,EXACT_2026_PIT_SP500=NO; F1C exact=NO
QUARANTINE-RD13-V1,RD13-V1; R1-13; S0_r1_13,Alias-contaminated 4 vectors / 9 aliases,historical,,,,,,data/fundamental_experiments/RD13_provenance/RD13_v1_ALIAS_CONTAMINATED,DO NOT USE as primary,,,SUPERSEDED_QUARANTINED,SUPERSEDED by RD13-V2,data/final_experiment_inventory/quarantined_experiments.csv,data/final_experiment_inventory/VALID_VS_QUARANTINED_EXPERIMENTS.md,,Provenance audit only,Appendix only,,
QUARANTINE-SENTIMENT-LEAK,S5R same-day E0/E1 leaked,same-day Alpha20 + AV,,,,,,,data/sentiment_experiments/S5R_corrected/av_only,INVALID,,,QUARANTINED_LEAKAGE,QUARANTINED,data/sentiment_experiments/S5R_corrected/av_only/QUARANTINED_CONFIRMED_LOOKAHEAD_LEAKAGE.json,data/sentiment_experiments/S5R_corrected/av_only/leakage_audit/,,Leakage audit,Appendix only,,
