signal,rule,universe,period,evidence_tag,n_days,cum_return,cagr,ann_vol,wealth_mdd,sharpe_rf0,first_date,last_date,spy_cagr,spy_cum,cagr_minus_spy,qlib_excess_arr_mean_x_238,mean_daily_turnover,mean_cost,qlib_excess_arr_legacy,cagr_gap_vs_spy,ols_alpha,ols_beta,ols_t_alpha,ols_t_beta,ols_n,median_holding_duration_days,mean_holding_duration_days,avg_holdings
A,K20_D2,native,2024,locked-specification later-period,252,0.027489367469841,0.027489367469841,0.1332283610934996,-0.0939763590155092,0.2699695379401307,2024-01-02,2024-12-31,0.2330477237701416,0.2330477237701416,-0.2055583563003005,-0.1714291703686499,0.1640569639282619,1.6405696392826183e-05,-0.17142917036865,-0.2055583563003005,-0.0005000450436563,0.74479642139225,-1.3205783129758988,15.656354061204311,252,2.0,12.676767676767676,20.0
A,K20_D2,native,2025,locked-specification later-period,250,0.2241483280893592,0.2261305577967511,0.1866045400379577,-0.1404981556327199,1.185306794245366,2025-01-02,2025-12-31,0.1649354696273803,0.1635248661041259,0.0611950881693708,0.0470146649639598,0.1316635222843084,1.3166352228430802e-05,0.0470146649639599,0.0611950881693708,0.0003156778265603,0.8263127828443543,0.8366049706616647,26.862640289053846,250,2.0,12.676767676767676,20.0
A,K20_D2,native,2024_2025,locked-specification later-period,502,0.2577993913177954,0.1220290963723147,0.161966306682792,-0.1631264795225828,0.7915637548640947,2024-01-02,2025-12-31,0.1986445188522339,0.4346840381622314,-0.0766154224799191,-0.0626423997846809,0.1479247718745002,1.479247718745e-05,-0.0626423997846809,-0.0766154224799191,-0.0001101956260659,0.8017931675218194,-0.4115068954653147,30.934342996279632,502,2.0,12.676767676767676,20.0
A,K20_D2,unified,2024,locked-specification later-period,252,0.0482114101684467,0.0482114101684467,0.1323375141486597,-0.0942420245180196,0.4217875453362492,2024-01-02,2024-12-31,0.2330477237701416,0.2330477237701416,-0.1848363136016948,-0.1526812717695703,0.1643936598778282,1.643936598778283e-05,-0.1526812717695702,-0.1848363136016948,-0.0004099885565339,0.7317216208104957,-1.0785881604095762,15.322436155912236,252,2.0,12.587939698492463,19.9601593625498
A,K20_D2,unified,2025,locked-specification later-period,250,0.2398458917594872,0.2419801334640516,0.178944631679923,-0.1324649826967763,1.300119521462652,2025-01-02,2025-12-31,0.1649354696273803,0.1635248661041259,0.0770446638366713,0.0578434569632831,0.1330535833980836,1.330535833980832e-05,0.0578434569632831,0.0770446638366713,0.0003933680887017,0.7789848622699895,1.0376452396917857,25.206157943069524,250,2.0,12.587939698492463,19.9601593625498
A,K20_D2,unified,2024_2025,locked-specification later-period,502,0.2996206105927685,0.1406043442522528,0.1572255970961314,-0.1461382071072927,0.9151283986903568,2024-01-02,2025-12-31,0.1986445188522339,0.4346840381622314,-0.058040174599981,-0.0478382793727309,0.1487860520691905,1.4878605206919031e-05,-0.0478382793727309,-0.058040174599981,-1.9301942383801247e-05,0.7646260871906684,-0.0718916479528504,29.42336371422555,502,2.0,12.587939698492463,19.9601593625498
A,K5_D1,native,2024,locked-specification later-period,252,0.0454539376225013,0.0454539376225013,0.1873097032978185,-0.1194739187474799,0.3307989656411328,2024-01-02,2024-12-31,0.2330477237701416,0.2330477237701416,-0.1875937861476402,-0.1468790387381467,0.2595361415822831,2.595361415822834e-05,-0.1468790387381467,-0.1875937861476402,-0.0003761155661082,0.7207208689779248,-0.5738036002121384,8.75199533755935,252,2.0,7.470238095238095,5.0
A,K5_D1,native,2025,locked-specification later-period,250,0.1252166790701678,0.1262791654706092,0.210673352471911,-0.1424129824043529,0.6700155803409928,2025-01-02,2025-12-31,0.1649354696273803,0.1635248661041259,-0.0386563041567711,-0.0285684689598142,0.2664067824332014,2.6640678243320145e-05,-0.0285684689598142,-0.0386563041567711,0.0001710612584995,0.5720247898448514,0.2393027168039911,9.816093334866148,250,2.0,7.470238095238095,5.0
A,K5_D1,native,2024_2025,locked-specification later-period,502,0.1763622078124207,0.0849533170578791,0.1991041387919843,-0.2073050563348334,0.5092831761261544,2024-01-02,2025-12-31,0.1986445188522339,0.4346840381622314,-0.1136912017943547,-0.0879594322748337,0.2629577754721826,2.6295777547218284e-05,-0.0879594322748337,-0.1136912017943547,-7.304849988040006e-05,0.6158752137948573,-0.1507566821739004,13.13178551295464,502,2.0,7.470238095238095,5.0
A,K5_D1,unified,2024,locked-specification later-period,252,0.0598767529707786,0.0598767529707786,0.1860172700619866,-0.1201428900528157,0.4054681422350478,2024-01-02,2024-12-31,0.2330477237701416,0.2330477237701416,-0.1731709707993629,-0.134164719084066,0.2579967862923515,2.579967862923516e-05,-0.134164719084066,-0.1731709707993629,-0.0003110122363868,0.7071848797724752,-0.4760469319654573,8.615952180830742,252,2.0,7.852664576802508,4.99003984063745
A,K5_D1,unified,2025,locked-specification later-period,250,0.1186509560970801,0.1196548223460594,0.2083923806964728,-0.1313037071447348,0.6466401829672423,2025-01-02,2025-12-31,0.1649354696273803,0.1635248661041259,-0.0452806472813209,-0.0346124802218787,0.2360513856150767,2.36051385615077e-05,-0.0346124802218787,-0.0452806472813209,0.0001502095652244,0.5653451401994717,0.2123618082418316,9.804384877106814,250,2.0,7.852664576802508,4.99003984063745
A,K5_D1,unified,2024_2025,locked-specification later-period,502,0.1856321430558301,0.0892367685021939,0.197288912304809,-0.1793040544966642,0.5320688930650841,2024-01-02,2025-12-31,0.1986445188522339,0.4346840381622314,-0.1094077503500399,-0.0845869108857656,0.2470678018913182,2.470678018913185e-05,-0.0845869108857655,-0.1094077503500399,-5.218115678769354e-05,0.6071997828375292,-0.1084947140262985,13.043443750489118,502,2.0,7.852664576802508,4.99003984063745
B,K20_D2,native,2024,H0 frozen engine,252,0.0985749974053926,0.0985749974053926,0.1307384116869344,-0.0878365411304282,0.7842610988544324,2024-01-02,2024-12-31,0.2330477237701416,0.2330477237701416,-0.1344727263647489,-0.1085617996707904,0.2026805663446733,2.0268056634467335e-05,-0.1085617996707903,-0.1344727263647489,-0.0002320929570878,0.7403892538660682,-0.6327929234672287,16.067850327241693,252,6.0,9.842829076620825,19.9601593625498
B,K20_D2,native,2025,H0 frozen engine,250,0.1898861487803076,0.1915422665073951,0.1852839701394529,-0.1320967418186553,1.0379572887842348,2025-01-02,2025-12-31,0.1649354696273803,0.1635248661041259,0.0266067968800147,0.0197515932234461,0.199236877458072,1.992368774580731e-05,0.0197515932234461,0.0266067968800147,0.0002265270773977,0.7889693391539019,0.5475961805363061,23.39528160163001,250,6.0,9.842829076620825,19.9601593625498
B,K20_D2,native,2024_2025,H0 frozen engine,502,0.3071791728090407,0.143929613897958,0.1601050513416945,-0.1442701166816794,0.9196842662840976,2024-01-02,2025-12-31,0.1986445188522339,0.4346840381622314,-0.0547149049542758,-0.0446607075919873,0.2009655818393937,2.0096558183939434e-05,-0.0446607075919873,-0.0547149049542758,-1.3471630063722031e-05,0.7743686000241521,-0.0488146617648973,28.98969563447663,502,6.0,9.842829076620825,19.9601593625498
B,K20_D2,unified,2024,H0 frozen engine,252,0.0985749974053926,0.0985749974053926,0.1307384116869344,-0.0878365411304282,0.7842610988544324,2024-01-02,2024-12-31,0.2330477237701416,0.2330477237701416,-0.1344727263647489,-0.1085617996707904,0.2026805663446733,2.0268056634467335e-05,-0.1085617996707903,-0.1344727263647489,-0.0002320929570878,0.7403892538660682,-0.6327929234672287,16.067850327241693,252,6.0,9.842829076620825,19.9601593625498
B,K20_D2,unified,2025,H0 frozen engine,250,0.1898861487803076,0.1915422665073951,0.1852839701394529,-0.1320967418186553,1.0379572887842348,2025-01-02,2025-12-31,0.1649354696273803,0.1635248661041259,0.0266067968800147,0.0197515932234461,0.199236877458072,1.992368774580731e-05,0.0197515932234461,0.0266067968800147,0.0002265270773977,0.7889693391539019,0.5475961805363061,23.39528160163001,250,6.0,9.842829076620825,19.9601593625498
B,K20_D2,unified,2024_2025,H0 frozen engine,502,0.3071791728090407,0.143929613897958,0.1601050513416945,-0.1442701166816794,0.9196842662840976,2024-01-02,2025-12-31,0.1986445188522339,0.4346840381622314,-0.0547149049542758,-0.0446607075919873,0.2009655818393937,2.0096558183939434e-05,-0.0446607075919873,-0.0547149049542758,-1.3471630063722031e-05,0.7743686000241521,-0.0488146617648973,28.98969563447663,502,6.0,9.842829076620825,19.9601593625498
B,K5_D1,native,2024,post-hoc (rule formed after H0 opened 2024–2025),252,0.1128743470539022,0.1128743470539022,0.1912964945920645,-0.1377773802925956,0.6541696308388093,2024-01-02,2024-12-31,0.2330477237701416,0.2330477237701416,-0.1201733767162394,-0.0872104543257069,0.3941403058102832,3.9414030581028384e-05,-0.0872104543257069,-0.1201733767162394,-0.0001174016641216,0.7114446395232206,-0.1736350113598061,8.375334811440936,252,4.0,4.970238095238095,4.99003984063745
B,K5_D1,native,2025,post-hoc (rule formed after H0 opened 2024–2025),250,0.4739732675936166,0.4785551351690376,0.2597791299708211,-0.1468891974375051,1.635379096913112,2025-01-02,2025-12-31,0.1649354696273803,0.1635248661041259,0.3136196655416572,0.2393542986871295,0.3925995841187486,3.925995841187471e-05,0.2393542986871296,0.3136196655416572,0.0010673417416353,0.909359114402811,1.40501225686668,14.683848848406887,250,4.0,4.970238095238095,4.99003984063745
B,K5_D1,native,2024_2025,post-hoc (rule formed after H0 opened 2024–2025),502,0.640347037748153,0.2820236243818135,0.2279550927554891,-0.1806586408690216,1.203710120322249,2024-01-02,2025-12-31,0.1986445188522339,0.4346840381622314,0.0833791055295796,0.0754213947842714,0.3933730141312321,3.933730141312317e-05,0.0754213947842714,0.0833791055295796,0.0004325590964221,0.8501703601581647,0.8489789330226679,17.239442188827812,502,4.0,4.970238095238095,4.99003984063745
B,K5_D1,unified,2024,post-hoc (rule formed after H0 opened 2024–2025),252,0.1128743470539022,0.1128743470539022,0.1912964945920645,-0.1377773802925956,0.6541696308388093,2024-01-02,2024-12-31,0.2330477237701416,0.2330477237701416,-0.1201733767162394,-0.0872104543257069,0.3941403058102832,3.9414030581028384e-05,-0.0872104543257069,-0.1201733767162394,-0.0001174016641216,0.7114446395232206,-0.1736350113598061,8.375334811440936,252,4.0,4.970238095238095,4.99003984063745
B,K5_D1,unified,2025,post-hoc (rule formed after H0 opened 2024–2025),250,0.4739732675936166,0.4785551351690376,0.2597791299708211,-0.1468891974375051,1.635379096913112,2025-01-02,2025-12-31,0.1649354696273803,0.1635248661041259,0.3136196655416572,0.2393542986871295,0.3925995841187486,3.925995841187471e-05,0.2393542986871296,0.3136196655416572,0.0010673417416353,0.909359114402811,1.40501225686668,14.683848848406887,250,4.0,4.970238095238095,4.99003984063745
B,K5_D1,unified,2024_2025,post-hoc (rule formed after H0 opened 2024–2025),502,0.640347037748153,0.2820236243818135,0.2279550927554891,-0.1806586408690216,1.203710120322249,2024-01-02,2025-12-31,0.1986445188522339,0.4346840381622314,0.0833791055295796,0.0754213947842714,0.3933730141312321,3.933730141312317e-05,0.0754213947842714,0.0833791055295796,0.0004325590964221,0.8501703601581647,0.8489789330226679,17.239442188827812,502,4.0,4.970238095238095,4.99003984063745
