signal,period,metric,mean,n_days,boot_ci_lo,boot_ci_hi,boot_block,boot_n,boot_seed
A,2024,ic,0.0021867134306883572,252,-0.006772438470779552,0.009077511715326489,21,2000,20260923
A,2024,rank_ic,0.0028315402453379635,252,-0.007422548387420346,0.011559312388294243,21,2000,20260923
A,2025,ic,-0.0012814169060413635,248,-0.009381158829162184,0.00534184497000236,21,2000,20260923
A,2025,rank_ic,-0.00037705641387836904,248,-0.00916146670450793,0.007047979205996307,21,2000,20260923
A,2024_2025,ic,0.0004665207836704155,500,-0.0053599777377378545,0.005711457024994715,21,2000,20260923
A,2024_2025,rank_ic,0.001240076302366664,500,-0.005660744135956318,0.006712876265266208,21,2000,20260923
B,2024,ic,0.004916343066462312,252,-0.0028826191572820887,0.01415050549895206,21,2000,20260923
B,2024,rank_ic,0.006434714843894269,252,-0.0020908617334348383,0.016693674639436554,21,2000,20260923
B,2025,ic,-0.002891016729743777,248,-0.012229949885681095,0.004018832050065432,21,2000,20260923
B,2025,rank_ic,-0.00284741316329153,248,-0.012767051259974824,0.0043050955113434425,21,2000,20260923
B,2024_2025,ic,0.0010438926075440923,500,-0.006219736555812029,0.006657619791444682,21,2000,20260923
B,2024_2025,rank_ic,0.0018307793523301122,500,-0.005687862328987733,0.007822144986732341,21,2000,20260923
